,Unnamed: 0.2,Unnamed: 0.1,Unnamed: 0,link,download
0,0,0,0,https://loga.vn/Exam/ListExamPaginationBySubject?page=1,
1,1,1,1,https://loga.vn/Exam/ListExamPaginationBySubject?page=2,
2,2,2,2,https://loga.vn/Exam/ListExamPaginationBySubject?page=3,
3,3,3,3,https://loga.vn/Exam/ListExamPaginationBySubject?page=4,
4,4,4,4,https://loga.vn/Exam/ListExamPaginationBySubjec?page=5,
5,5,5,5,https://loga.vn/Exam/ListExamPaginationBySubject?page=6,
6,6,6,6,https://loga.vn/Exam/ListExamPaginationBySubject?page=7,
7,7,7,7,https://loga.vn/Exam/ListExamPaginationBySubject?page=8,
8,8,8,8,https://loga.vn/Exam/ListExamPaginationBySubject?page=9,
9,9,9,9,https://loga.vn/Exam/ListExamPaginationBySubject?page=10,
10,10,10,10,https://loga.vn/Exam/ListExamPaginationBySubject?page=11,
11,11,11,11,https://loga.vn/Exam/ListExamPaginationBySubject?page=12,
12,12,12,12,https://loga.vn/Exam/ListExamPaginationBySubject?page=13,
13,13,13,13,https://loga.vn/Exam/ListExamPaginationBySubject?page=14,
14,14,14,14,https://loga.vn/Exam/ListExamPaginationBySubject?page=15,
15,15,15,15,https://loga.vn/Exam/ListExamPaginationBySubject?page=16,
16,16,16,16,https://loga.vn/Exam/ListExamPaginationBySubject?page=17,
17,17,17,17,https://loga.vn/Exam/ListExamPaginationBySubject?page=18,
18,18,18,18,https://loga.vn/Exam/ListExamPaginationBySubject?page=19,
19,19,19,19,https://loga.vn/Exam/ListExamPaginationBySubject?page=20,
20,20,20,20,https://loga.vn/Exam/ListExamPaginationBySubject?page=21,
21,21,21,21,https://loga.vn/Exam/ListExamPaginationBySubject?page=22,
22,22,22,22,https://loga.vn/Exam/ListExamPaginationBySubject?page=23,
23,23,23,23,https://loga.vn/Exam/ListExamPaginationBySubject?page=24,
24,24,24,24,https://loga.vn/Exam/ListExamPaginationBySubject?page=25,
25,25,25,25,https://loga.vn/Exam/ListExamPaginationBySubject?page=26,
26,26,26,26,https://loga.vn/Exam/ListExamPaginationBySubject?page=27,
27,27,27,27,https://loga.vn/Exam/ListExamPaginationBySubject?page=28,
28,28,28,28,https://loga.vn/Exam/ListExamPaginationBySubject?page=29,
29,29,29,29,https://loga.vn/Exam/ListExamPaginationBySubject?page=30,
30,30,30,30,https://loga.vn/Exam/ListExamPaginationBySubject?page=31,
31,31,31,31,https://loga.vn/Exam/ListExamPaginationBySubject?page=32,
32,32,32,32,https://loga.vn/Exam/ListExamPaginationBySubject?page=33,
33,33,33,33,https://loga.vn/Exam/ListExamPaginationBySubject?page=34,
34,34,34,34,https://loga.vn/Exam/ListExamPaginationBySubject?page=35,
35,35,35,35,https://loga.vn/Exam/ListExamPaginationBySubject?page=36,
36,36,36,36,https://loga.vn/Exam/ListExamPaginationBySubject?page=37,
37,37,37,37,https://loga.vn/Exam/ListExamPaginationBySubject?page=38,
38,38,38,38,https://loga.vn/Exam/ListExamPaginationBySubject?page=39,
39,39,39,39,https://loga.vn/Exam/ListExamPaginationBySubject?page=40,
40,40,40,40,https://loga.vn/Exam/ListExamPaginationBySubject?page=41,
41,41,41,41,https://loga.vn/Exam/ListExamPaginationBySubject?page=42,
42,42,42,42,https://loga.vn/Exam/ListExamPaginationBySubject?page=43,
43,43,43,43,https://loga.vn/Exam/ListExamPaginationBySubject?page=44,
44,44,44,44,https://loga.vn/Exam/ListExamPaginationBySubject?page=45,
45,45,45,45,https://loga.vn/Exam/ListExamPaginationBySubject?page=46,
46,46,46,46,https://loga.vn/Exam/ListExamPaginationBySubject?page=47,
47,47,47,47,https://loga.vn/Exam/ListExamPaginationBySubject?page=48,
48,48,48,48,https://loga.vn/Exam/ListExamPaginationBySubject?page=49,
49,49,49,49,https://loga.vn/Exam/ListExamPaginationBySubject?page=50,
50,50,50,50,https://loga.vn/Exam/ListExamPaginationBySubject?page=51,
51,51,51,51,https://loga.vn/Exam/ListExamPaginationBySubject?page=52,
52,52,52,52,https://loga.vn/Exam/ListExamPaginationBySubject?page=53,
53,53,53,53,https://loga.vn/Exam/ListExamPaginationBySubject?page=54,
54,54,54,54,https://loga.vn/Exam/ListExamPaginationBySubject?page=55,
55,55,55,55,https://loga.vn/Exam/ListExamPaginationBySubject?page=56,
56,56,56,56,https://loga.vn/Exam/ListExamPaginationBySubject?page=57,
57,57,57,57,https://loga.vn/Exam/ListExamPaginationBySubject?page=58,
58,58,58,58,https://loga.vn/Exam/ListExamPaginationBySubject?page=59,
59,59,59,59,https://loga.vn/Exam/ListExamPaginationBySubject?page=60,
60,60,60,60,https://loga.vn/Exam/ListExamPaginationBySubject?page=61,
61,61,61,61,https://loga.vn/Exam/ListExamPaginationBySubject?page=62,
62,62,62,62,https://loga.vn/Exam/ListExamPaginationBySubject?page=63,
63,63,63,63,https://loga.vn/Exam/ListExamPaginationBySubject?page=64,
64,64,64,64,https://loga.vn/Exam/ListExamPaginationBySubject?page=65,
65,65,65,65,https://loga.vn/Exam/ListExamPaginationBySubject?page=66,
66,66,66,66,https://loga.vn/Exam/ListExamPaginationBySubject?page=67,
67,67,67,67,https://loga.vn/Exam/ListExamPaginationBySubject?page=68,
68,68,68,68,https://loga.vn/Exam/ListExamPaginationBySubject?page=69,
69,69,69,69,https://loga.vn/Exam/ListExamPaginationBySubject?page=70,
70,70,70,70,https://loga.vn/Exam/ListExamPaginationBySubject?page=71,
71,71,71,71,https://loga.vn/Exam/ListExamPaginationBySubject?page=72,
72,72,72,72,https://loga.vn/Exam/ListExamPaginationBySubject?page=73,
73,73,73,73,https://loga.vn/Exam/ListExamPaginationBySubject?page=74,
74,74,74,74,https://loga.vn/Exam/ListExamPaginationBySubject?page=75,
75,75,75,75,https://loga.vn/Exam/ListExamPaginationBySubject?page=76,
76,76,76,76,https://loga.vn/Exam/ListExamPaginationBySubject?page=77,
77,77,77,77,https://loga.vn/Exam/ListExamPaginationBySubject?page=78,
78,78,78,78,https://loga.vn/Exam/ListExamPaginationBySubject?page=79,
79,79,79,79,https://loga.vn/Exam/ListExamPaginationBySubject?page=80,
80,80,80,80,https://loga.vn/Exam/ListExamPaginationBySubject?page=81,
81,81,81,81,https://loga.vn/Exam/ListExamPaginationBySubject?page=82,
82,82,82,82,https://loga.vn/Exam/ListExamPaginationBySubject?page=83,
83,83,83,83,https://loga.vn/Exam/ListExamPaginationBySubject?page=84,
84,84,84,84,https://loga.vn/Exam/ListExamPaginationBySubject?page=85,
85,85,85,85,https://loga.vn/Exam/ListExamPaginationBySubject?page=86,
86,86,86,86,https://loga.vn/Exam/ListExamPaginationBySubject?page=87,
87,87,87,87,https://loga.vn/Exam/ListExamPaginationBySubject?page=88,
