,Unnamed: 0.3,Unnamed: 0.2,Unnamed: 0.1,Unnamed: 0,link,download
0,0,0,0,0,https://cungthi.online/chi-tiet-tai-lieu/tai-lieu-boi-duong-hsg-dao-dong-co-2-file-word-co-loi-giai-chi-tiet.html,Yes
1,1,1,1,1,https://cungthi.online/chi-tiet-tai-lieu/218-bai-toan-ham-an-hay-nhat-nhat.html,Yes
2,2,2,2,2,https://cungthi.online/chi-tiet-tai-lieu/phan-dang-phuong-phap-giai-cac-chuyen-de-dai-so-10-nguyen-phu-khanh-file-word.html,Yes
3,3,3,3,3,https://cungthi.online/chi-tiet-tai-lieu/tai-lieu-ly-thuyet-vat-ly-12-day-du-ban-dep.html,Yes
4,4,4,4,4,https://cungthi.online/chi-tiet-tai-lieu/chuyen-de-boi-duong-hoc-sinh-gioi-tin-8.html,Yes
5,5,5,5,5,https://cungthi.online/chi-tiet-tai-lieu/tai-lieu-boi-duong-hsg-dao-dong-song-co-file-word-co-loi-giai-chi-tiet.html,Yes
6,6,6,6,6,https://cungthi.online/chi-tiet-tai-lieu/tai-lieu-toan-11-gioi-han-ham-so-lien-tuc-(ly-thuyet-+-bai-tap-van-dung)-file-word.html,Yes
7,7,7,7,7,https://cungthi.online/chi-tiet-tai-lieu/tom-tat-ly-thuyet-toan-12-(file-word).html,Yes
8,8,8,8,8,https://cungthi.online/chi-tiet-tai-lieu/tom-tat-ly-thuyet-gdcd-11.html,Yes
9,9,9,9,9,https://cungthi.online/chi-tiet-tai-lieu/toan-bo-so-do-tu-duy-toan-12.html,Yes
10,10,10,10,10,https://cungthi.online/chi-tiet-tai-lieu/tai-lieu-day-them-toan-lop-10-tap-the-giao-vien-suu-tam.html,Yes
11,11,11,11,11,https://cungthi.online/chi-tiet-tai-lieu/phan-dang-phuong-phap-giai-cac-chuyen-de-hinh-hoc-11-nguyen-phu-khanh-file-word.html,Yes
12,12,12,12,12,https://cungthi.online/chi-tiet-tai-lieu/cau-truc-du-lieu-va-giai-thuat-hoc-vien-cong-nghe-buu-chinh-vien-thong.html,Yes
13,13,13,13,13,https://cungthi.online/chi-tiet-tai-lieu/cong-thuc-hinh-hoc-va-toan-chuyen-dong-lop-5.html,Yes
14,14,14,14,14,https://cungthi.online/chi-tiet-tai-lieu/tai-lieu-phan-tich-va-thiet-ke-thuat-toan.html,Yes
15,15,15,15,15,https://cungthi.online/chi-tiet-tai-lieu/thuat-toan-va-thuat-giai.html,Yes
16,16,16,16,16,https://cungthi.online/chi-tiet-tai-lieu/bo-20-de-thi-hoc-ky-1-toan-lop-5-bo-1.html,Yes
17,17,17,17,17,https://cungthi.online/chi-tiet-tai-lieu/boi-duong-tieng-viet-5-tu-dong-nghia--ttu-trai-nghia.html,Yes
18,18,18,18,18,https://cungthi.online/chi-tiet-tai-lieu/kiem-tra-chat-luong-on-tap-he-nam-2013-mon-thi-toan-(-lop-5-len-6).html,Yes
19,19,19,19,19,https://cungthi.online/chi-tiet-tai-lieu/kiem-tra-cuoi-ki-i-nam-hoc-2015-2016-mon-tin-hoc-5.html,Yes
20,20,20,20,20,https://cungthi.online/chi-tiet-tai-lieu/cau-truc-du-lieu-va-giai-thuat.html,Yes
21,21,21,21,21,https://cungthi.online/chi-tiet-tai-lieu/luyen-giao-luu-toan-tuoi-tho-toan-quoc-nam-hoc-2009-2010.html,Yes
22,22,22,22,22,https://cungthi.online/chi-tiet-tai-lieu/kiem-tra-dinh-ki-cuoi-hoc-ki-i-(2015-2016)-mon-tin-hoc-lop-5.html,Yes
23,23,23,23,23,https://cungthi.online/chi-tiet-tai-lieu/34-ke-sach-kinhh-doanh-lam-giau.html,Yes
24,24,24,24,24,https://cungthi.online/chi-tiet-tai-lieu/g.a-day-them-toan-7-ki-i.html,Yes
25,25,25,25,25,https://cungthi.online/chi-tiet-tai-lieu/giao-an-on-toan-7-ca-nam-2017.html,Yes
26,26,26,26,26,https://cungthi.online/chi-tiet-tai-lieu/chu-nguoi-tu-tu.html,Yes
27,27,27,27,27,https://cungthi.online/chi-tiet-tai-lieu/giao-an-day-he-lop-7-len-8.html,Yes
28,28,28,28,28,https://cungthi.online/chi-tiet-tai-lieu/hinh-hoc-7-(-chinh-khoa).html,Yes
29,29,29,29,29,https://cungthi.online/chi-tiet-tai-lieu/g.a-day-them-toan-7-ki-ii.html,Yes
30,30,30,30,30,https://cungthi.online/chi-tiet-tai-lieu/giao-an-tin-hoc-lop-7.html,Yes
31,31,31,31,31,https://cungthi.online/chi-tiet-tai-lieu/de-khao-sat-hoc-sinh-gioi-nam-hoc-2014-2015-giai-toan-bang-may-tinh-casio-lop-7.html,Yes
32,32,32,32,32,https://cungthi.online/chi-tiet-tai-lieu/chu-nguoi-tu-tu-tham-khao.html,Yes
33,33,33,33,33,https://cungthi.online/chi-tiet-tai-lieu/de-kiem-tra-hoc-ky-i-nam-hoc-2014-2015-tieng-anh-7.html,Yes
34,34,34,34,34,https://cungthi.online/chi-tiet-tai-lieu/dai-so-7.html,
35,35,35,35,35,https://cungthi.online/chi-tiet-tai-lieu/phan-tich-truyen-ngan-chi-pheo-cua-nam-cao.html,Yes
36,36,36,36,36,https://cungthi.online/chi-tiet-tai-lieu/skkn-ung-dung-phan-mem-crocodile-ict-ho-tro-cho-viec-day-va-hoc-tin-hoc-lop-11.html,Yes
37,37,37,37,37,https://cungthi.online/chi-tiet-tai-lieu/skkn-kinh-nghiem-boi-duong-hoc-sinh-gioi-mon-tin-hoc-9.html,Yes
38,38,38,38,38,https://cungthi.online/chi-tiet-tai-lieu/chinh-phuc-de-thi-vao-10-chuyen-khoi-chuyen-toan-file-word.html,Yes
39,39,39,39,39,https://cungthi.online/chi-tiet-tai-lieu/de-thi-chon-hoc-sinh-gioi-lop-9-thcs-nam-hoc-2014-2015.html,Yes
40,40,40,40,40,https://cungthi.online/chi-tiet-tai-lieu/de-thi-hoc-sinh-gioi-nam-hoc-2015-2016-tin-hoc-9-thcs-nguyen-truc--tt-kim-bai.html,Yes
41,41,41,41,41,https://cungthi.online/chi-tiet-tai-lieu/de-thi-hoc-sinh-gioi-lop-9-cap-huyen-nam-hoc-2015-2016.html,Yes
42,42,42,42,42,https://cungthi.online/chi-tiet-tai-lieu/de-thi-chon-hoc-sinh-gioi-lop-9-2014-2015.html,Yes
43,43,43,43,43,https://cungthi.online/chi-tiet-tai-lieu/de-thi-chon-hoc-sinh-gioi-lop-9-vong-huyen-2014-2015.html,Yes
44,44,44,44,44,https://cungthi.online/chi-tiet-tai-lieu/de-thi-chon-hoc-sinh-gioi-lop-9-vong-huyen-2013-2014.html,Yes
45,45,45,45,45,https://cungthi.online/chi-tiet-tai-lieu/de-thi-hoc-sinh-gioi-tin-hoc--vong-1.html,Yes
46,46,46,46,46,https://cungthi.online/chi-tiet-tai-lieu/de-thi-chon-hoc-sinh-gioi-lop-9-cap-huyen-nam-hoc-2013-2014.html,Yes
47,47,47,47,47,https://cungthi.online/chi-tiet-tai-lieu/tai-lieu-toan-lop-9-chuyen-de-chum-bai-tap-cat-tuyen-tiep-tuyen.html,
48,48,48,48,48,https://cungthi.online/chi-tiet-tai-lieu/tuyen-tap-500-de-hsg-toan-6.html,
49,49,49,49,49,https://cungthi.online/chi-tiet-tai-lieu/de-minh-hoa-so-1-tuyen-sinh-vao-lop-6-luong-the-vinh-2018-2019.html,
50,50,50,50,50,https://cungthi.online/chi-tiet-tai-lieu/toan-iq-lop-6.html,
51,51,51,51,51,https://cungthi.online/chi-tiet-tai-lieu/so-hoc-lop-6.html,
52,52,52,52,52,https://cungthi.online/chi-tiet-tai-lieu/de-thi-hk-2-tin-6.html,
53,53,53,53,53,https://cungthi.online/chi-tiet-tai-lieu/trac-nghiem-tin-hoc-11-co-dap-an-6-chuong.html,
54,54,54,54,54,https://cungthi.online/chi-tiet-tai-lieu/tong-hop-kien-thuc-co-ban-toan-6.html,
55,55,55,55,55,https://cungthi.online/chi-tiet-tai-lieu/kiem-tra-hoc-ki-ii-tin-hoc-6-(thuc-hanh).html,
56,56,56,56,56,https://cungthi.online/chi-tiet-tai-lieu/de-kiem-tra-dinh-ky-lan-1-hoc-ki-i-nam-hoc-2014--2015-mon-tieng-anh-6.html,
57,57,57,57,57,https://cungthi.online/chi-tiet-tai-lieu/de-kiem-tra-hoc-ky-i-mon-tieng-anh-6-nam-hoc-2015-2016.html,
58,58,58,58,58,https://cungthi.online/chi-tiet-tai-lieu/bai-giang-cac-mo-khoang-san-dia-6.html,
59,59,59,59,59,https://cungthi.online/chi-tiet-tai-lieu/100-bai-tap-turbo-pascal-lop-8.html,
60,60,60,60,60,https://cungthi.online/chi-tiet-tai-lieu/giao-an-tu-chon-toan-8-2018.html,
61,61,61,61,61,https://cungthi.online/chi-tiet-tai-lieu/tin-hoc-8-bai-tap-ve-xau.html,
62,62,62,62,62,https://cungthi.online/chi-tiet-tai-lieu/chuyen-de-boi-duong-hoc-sinh-gioi-tin-8-cau-lenh-if--then--else.html,
63,63,63,63,63,https://cungthi.online/chi-tiet-tai-lieu/giao-an-casio-lop-8.html,
64,64,64,64,64,https://cungthi.online/chi-tiet-tai-lieu/g.a-day-them-toan-8-ki-ii.html,
65,65,65,65,65,https://cungthi.online/chi-tiet-tai-lieu/de-giao-luu-hoc-sinh-gioi-lop-8-vinh-tuong-2013-2014.html,
66,66,66,66,66,https://cungthi.online/chi-tiet-tai-lieu/giao-an-lien-mon-tich-hop-tin-hoc-8-bai-5-tu-bai-toan-den-chuong-trinh.html,
67,67,67,67,67,https://cungthi.online/chi-tiet-tai-lieu/chuyen-de-hoc-sinh-gioi-tin-8-cau-lenh-if--then--else.html,
68,68,68,68,68,https://cungthi.online/chi-tiet-tai-lieu/de-cuong-on-tap-hoc-ky-i-mon-tieng-anh-lop-8-nam-2015-2016.html,
69,69,69,69,69,https://cungthi.online/chi-tiet-tai-lieu/kiem-tra-hoc-ky-1-toan-lop-8.html,
70,70,70,70,70,https://cungthi.online/chi-tiet-tai-lieu/phan-dang-phuong-phap-giai-cac-chuyen-de-hinh-hoc-10-nguyen-phu-khanh-file-word.html,
71,71,71,71,71,https://cungthi.online/chi-tiet-tai-lieu/55-cau-tn-on-tap-tin-hoc-10.html,
72,72,72,72,72,https://cungthi.online/chi-tiet-tai-lieu/tai-lieu-toan-lop-10-luong-giac-goc-va-cung-luong-giac-(ly-thuyet-+-bai-tap-van-dung)-file-word.html,
73,73,73,73,73,https://cungthi.online/chi-tiet-tai-lieu/giao-an-bai-tam-cam-soan-theo-phuong-phap-day-hoc-tich-cuc.html,
74,74,74,74,74,https://cungthi.online/chi-tiet-tai-lieu/tai-lieu-toan-lop-10-suu-tam-quyen-1.html,
75,75,75,75,75,https://cungthi.online/chi-tiet-tai-lieu/tai-lieu-toan-lop-10-ham-so-ham-so-bac-nhat-va-bac-hai-(ly-thuyet-+-bai-tap-co-loi-giai)-file-word.html,
76,76,76,76,76,https://cungthi.online/chi-tiet-tai-lieu/nhung-ky-nang-giai-toan-dac-sac-bat-dang-thuc-nguyen-cong-loi.html,
77,77,77,77,77,https://cungthi.online/chi-tiet-tai-lieu/tai-lieu-toan-lop-10-suu-tam-quyen-3.html,
78,78,78,78,78,https://cungthi.online/chi-tiet-tai-lieu/tai-lieu-toan-lop-10-menh-de-tap-hop-menh-de-va-menh-de-chua-bien-tom-tat-ly-thuyet-+-bai-tap-co-loi-giai-file-word.html,
79,79,79,79,79,https://cungthi.online/chi-tiet-tai-lieu/de-kt-hk-1-k10.html,
80,80,80,80,80,https://cungthi.online/chi-tiet-tai-lieu/tai-lieu-boi-duong-hsg-dao-dong-co-1-file-word-co-loi-giai-chi-tiet.html,
81,81,81,81,81,https://cungthi.online/chi-tiet-tai-lieu/tai-lieu-toan-lop-12-muc-do-van-dung-cao-full.html,
82,82,82,82,82,https://cungthi.online/chi-tiet-tai-lieu/ky-thuat-su-dung-may-tinh-cam-tay-ho-tro-giai-de-thi-mon-toan-thpt-thay-khanh-file-word.html,
83,83,83,83,83,https://cungthi.online/chi-tiet-tai-lieu/chuyen-de-ham-so-dang-viet-dong-file-word.html,
84,84,84,84,84,https://cungthi.online/chi-tiet-tai-lieu/ly-thuyet-+-bai-tap-amin--amino-axit--protein-file-word.html,
85,85,85,85,85,https://cungthi.online/chi-tiet-tai-lieu/tai-lieu-boi-duong-hsg-dao-dong-co-3-file-word-co-loi-giai-chi-tiet.html,
86,86,86,86,86,https://cungthi.online/chi-tiet-tai-lieu/tai-lieu-day-them-toan-lop-11-tap-the-giao-vien-suu-tam.html,
87,87,87,87,87,https://cungthi.online/chi-tiet-tai-lieu/tai-lieu-toan-11-97-cau-trac-nghiem-phep-bien-hinh-file-word-co-loi-giai-chi-tiet.html,
88,88,88,88,88,https://cungthi.online/chi-tiet-tai-lieu/full-ly-thuyet-sinh-hoc-11.html,
89,89,89,89,89,https://cungthi.online/chi-tiet-tai-lieu/94-cau-trac-nghiem-tu-truong-file-word-co-loi-giai-chi-tiet.html,
90,90,90,90,90,https://cungthi.online/chi-tiet-tai-lieu/phan-dang-phuong-phap-giai-cac-chuyen-de-dai-so-11-nguyen-phu-khanh-file-word.html,
91,91,91,91,91,https://cungthi.online/chi-tiet-tai-lieu/82-bai-tap-huu-co-hay-va-kho-lop-11-9-10-file-word-co-loi-giai-chi-tiet.html,
92,92,92,92,92,https://cungthi.online/chi-tiet-tai-lieu/tai-lieu-toan-11-giao-an-pp-moi-lop-11-on-tap-chuong-iii-file-word.html,
93,93,93,93,93,https://cungthi.online/chi-tiet-tai-lieu/tom-tat-ly-thuyet-lich-su-11.html,
94,94,94,94,94,https://cungthi.online/chi-tiet-tai-lieu/tai-lieu-toan-lop-11-suu-tam-quyen-3.html,
95,95,95,95,95,https://cungthi.online/chi-tiet-tai-lieu/550-bai-tap-do-thi.html,
96,96,96,96,96,https://cungthi.online/chi-tiet-tai-lieu/465-cau-trac-nghiem-tu-dong-nghia-va-trai-nghia-bai-tap-tieng-anh-theo-chuyen-de.html,
97,97,97,97,97,https://cungthi.online/chi-tiet-tai-lieu/470-bai-tap-tim-loi-sai-bai-tap-tieng-anh-theo-chuyen-de.html,
98,98,98,98,98,https://cungthi.online/chi-tiet-tai-lieu/ly-thuyet-va-dap-an-450-bai-tap-trong-am.html,
99,99,99,99,99,https://cungthi.online/chi-tiet-tai-lieu/cong-pha-toan-3.html,
100,100,100,100,100,https://cungthi.online/chi-tiet-tai-lieu/toan-bo-tai-lieu-ngu-phap-tieng-anh.html,
101,101,101,101,101,https://cungthi.online/chi-tiet-tai-lieu/16-phuong-phap-va-ky-thuat-giai-nhanh-bai-tap-trac-nghiem-hoa-hoc-vu-khac-ngoc.html,
102,102,102,102,102,https://cungthi.online/chi-tiet-tai-lieu/de-thi-mon-sinh-hoc-905.-cong-pha-sinh-hoc-2019-de-03.html,
103,103,103,103,103,https://cungthi.online/chi-tiet-tai-lieu/475-cau-trac-nghiem-ngu-am-va-trong-am-bai-tap-tieng-anh-theo-chuyen-de.html,
104,104,104,104,104,https://cungthi.online/chi-tiet-tai-lieu/bai-tap-trac-nghiem-ngu-am-+-dap-an.html,
105,105,105,105,105,https://cungthi.online/chi-tiet-tai-lieu/chuyen-de-vat-ly-12-nguyen-hong-khanh.html,
106,106,106,106,106,https://cungthi.online/chi-tiet-tai-lieu/bai-toan-thuc-te-quy-ve-he-bat-phuong-trinh-bac-nhat-2-an-nguyen-ba-hoang.html,
107,107,107,107,107,https://cungthi.online/chi-tiet-tai-lieu/bai-tap-va-ly-thuyet-chuong-5-dai-so-lop-11-on-tap-chuong-v-dang-viet-dong-file-word.html,
108,108,108,108,108,https://cungthi.online/chi-tiet-tai-lieu/trac-nghiem-tin-hoc-11-tn-th11-hki-chuong-5-dapan.html,
109,109,109,109,109,https://cungthi.online/chi-tiet-tai-lieu/de-thi-thu-mon-hoa-130.-de-thi-thu-thptqg-nam-2017-mon-hoa-hoc-thpt-thai-phuc-thai-binh-lan-1-file-word-co-loi-giai.html,
110,110,110,110,110,https://cungthi.online/chi-tiet-tai-lieu/cau-5-bo-de-hsg-9-hp1516.html,
111,111,111,111,111,https://cungthi.online/chi-tiet-tai-lieu/bai-toan-van-dung-cao-chu-de-8.-toan-thuc-te-co-loi-giai-file-word-(1).html,
112,112,112,112,112,https://cungthi.online/chi-tiet-tai-lieu/consolidation-+1st-test.html,
113,113,113,113,113,https://cungthi.online/chi-tiet-tai-lieu/chuong-2-to-hop-xac-suat-muc-do-3-phan-4.html,
114,114,114,114,114,https://cungthi.online/chi-tiet-tai-lieu/de-thi-thu-thptqg-mon-toan-an-duong-vuong-hcm.html,
115,115,115,115,115,https://cungthi.online/chi-tiet-tai-lieu/cac-dang-toan-ve-goc-trong-hinh-hoc-khong-gian-tran-dinh-cu.html,
116,116,116,116,116,https://cungthi.online/chi-tiet-tai-lieu/110-de-thi-vao-10-he-khong-chuyen-co-giai-chi-tiet.html,
117,117,117,117,117,https://cungthi.online/chi-tiet-tai-lieu/chuong-1-on-tap-kiem-tra-vat-ly-10-chu-de-2-chuyen-dong-thang-bien-doi-deu.html,
118,118,118,118,118,https://cungthi.online/chi-tiet-tai-lieu/05-k12-vinh-long-2017-2018-hdg.html,
119,119,119,119,119,https://cungthi.online/chi-tiet-tai-lieu/pp-giai-cac-dang-bai-tap-dia-li-tap-2.html,
120,120,120,120,120,https://cungthi.online/chi-tiet-tai-lieu/chuong-iii-7-truong-hop-dong-dang-thu-ba.html,
121,121,121,121,121,https://cungthi.online/chi-tiet-tai-lieu/325-cau-hoi-lich-su-12-trac-nghiem-hay.html,
122,122,122,122,122,https://cungthi.online/chi-tiet-tai-lieu/cac-dang-toan-va-pp-giai.html,
123,123,123,123,123,https://cungthi.online/chi-tiet-tai-lieu/cau-hoi-trac-nghiem-mon-toan-12-chuong-3-nguyen-ham-tich-phan-va-ung-dung-ung-dung-ttich-khoi-tron-xoay-giai-chi-tiet.html,
124,124,124,124,124,https://cungthi.online/chi-tiet-tai-lieu/24-cong-thuc-giai-nhanh-hoa-hoc-thay-le-dang-khuong.html,
125,125,125,125,125,https://cungthi.online/chi-tiet-tai-lieu/chuong-2-to-hop-xac-suat-muc-do-4-phan-4.html,
126,126,126,126,126,https://cungthi.online/chi-tiet-tai-lieu/13-bai-tap-cong-cua-luc-dien-va-the-nang-dien-truong-co-loi-giai-chi-tiet-file-word.html,
127,127,127,127,127,https://cungthi.online/chi-tiet-tai-lieu/cau-bi-dong-(1).html,
128,128,128,128,128,https://cungthi.online/chi-tiet-tai-lieu/3.3.2-de-kien-tra-dien-tich-hinh-phang-hoan-tat.html,
129,129,129,129,129,https://cungthi.online/chi-tiet-tai-lieu/sinh-hoc-11-hoc-ki-2-phan-1-[nguyen-duc-thang-trinh-bay].html,
130,130,130,130,130,https://cungthi.online/chi-tiet-tai-lieu/de-thi-thu-thptqg-nam-2017-megabook-de-so-7-file-word-co-loi-giai.html,
131,131,131,131,131,https://cungthi.online/chi-tiet-tai-lieu/tong-hop-cac-chuyen-de-toan-12-co-dap-an-02b.-hs-logarit.html,
132,132,132,132,132,https://cungthi.online/chi-tiet-tai-lieu/de-thi-thu-mon-van-de-1-mon-van-12-nop-so-cua-bich-11.2016.html,
133,133,133,133,133,https://cungthi.online/chi-tiet-tai-lieu/tuyen-tap-cac-chuyen-de-to-hop.html,
134,134,134,134,134,https://cungthi.online/chi-tiet-tai-lieu/28.-thi-thu-thpt-xuan-hoa-vinh-phuc.html,
135,135,135,135,135,https://cungthi.online/chi-tiet-tai-lieu/bai-toan-van-dung-cao-chu-de-4.-so-phuc-co-loi-giai-file-word.html,
136,136,136,136,136,https://cungthi.online/chi-tiet-tai-lieu/chuong-3-phuong-phap-toa-do-trong-khong-gian-muc-do-4-phan-3.html,
137,137,137,137,137,https://cungthi.online/chi-tiet-tai-lieu/2.-de-khao-sat-dinh-ky-mon-sinh-hoc-nam-hoc-2017-2018-sinh-hoc-ocean-lan-3-file-word-co-loi-giai-chi-tiet.html,
138,138,138,138,138,https://cungthi.online/chi-tiet-tai-lieu/66.-de-thi-thu-thptqg-nam-2018-mon-vat-ly-de-kiem-tra-hoc-ki-1-truong-thpt-bac-yen-thanh-nghe-an-file-word-co-loi-giai-chi-tiet.html,
139,139,139,139,139,https://cungthi.online/chi-tiet-tai-lieu/trac-nghiem-thi-dai-hoc-mon-sinh.html,
140,140,140,140,140,https://cungthi.online/chi-tiet-tai-lieu/1.-quy-tac-dem-dong-nqa.html,
141,141,141,141,141,https://cungthi.online/chi-tiet-tai-lieu/thpt-han-thuyen-lan-2-nam-2016-ma-de-132.html,
142,142,142,142,142,https://cungthi.online/chi-tiet-tai-lieu/2017-pros-codieu-thionline-word-formation-4.html,
143,143,143,143,143,https://cungthi.online/chi-tiet-tai-lieu/257.-de-thi-thu-thptqg-nam-2018-mon-toan-thpt-quang-xuong-1-thanh-hoa-lan-2-file-word-co-loi-giai-chi-tiet.html,
144,144,144,144,144,https://cungthi.online/chi-tiet-tai-lieu/pp-giai-bai-tap-trac-nghiem-dai-so-giai-tich-11.html,
145,145,145,145,145,https://cungthi.online/chi-tiet-tai-lieu/01.on-tap-kien-thuc-cot-loi-ve-adn-arn-tlbg.html,
146,146,146,146,146,https://cungthi.online/chi-tiet-tai-lieu/chinh-phuc-cac-bai-toan-cuc-tri-mu-logarit.html,
147,147,147,147,147,https://cungthi.online/chi-tiet-tai-lieu/tong-hop-cac-cong-thuc-giai-nhanh-mon-sinh-hoc-trong-de-thi-dai-hoc.html,
148,148,148,148,148,https://cungthi.online/chi-tiet-tai-lieu/chuong-2-to-hop-xac-suat-muc-do-1-phan-3.html,
149,149,149,149,149,https://cungthi.online/chi-tiet-tai-lieu/h-11-08-cacdangbaitapcobanveaxitnitric-ttbh.html,
150,150,150,150,150,https://cungthi.online/chi-tiet-tai-lieu/26-bai-tap-tuong-giao-ham-trung-phuong-file-word-co-loi-giai-chi-tiet.html,
151,151,151,151,151,https://cungthi.online/chi-tiet-tai-lieu/02.html,
152,152,152,152,152,https://cungthi.online/chi-tiet-tai-lieu/4.-phuong-trinh-bac-nhat-voi-sin-va-cosin-va-ptlg-khac.html,
153,153,153,153,153,https://cungthi.online/chi-tiet-tai-lieu/bai-tap-trac-nghiem-the-tich-khoi-da-dien-va-khoang-cach-mat-cau-hinh-cau-khoi-cau-pham-van-huy-giai-chi-tiet.html,
154,154,154,154,154,https://cungthi.online/chi-tiet-tai-lieu/casio-bai-33-phuong-trinh-so-phuc.html,
155,155,155,155,155,https://cungthi.online/chi-tiet-tai-lieu/dung-casio-giai-de-minh-hoa-so-2-nam-2017.html,
156,156,156,156,156,https://cungthi.online/chi-tiet-tai-lieu/tai-lieu-toan-lop-10-8.-kiem-tra-45p-chuong-4-dai-10.html,
157,157,157,157,157,https://cungthi.online/chi-tiet-tai-lieu/de-thi-thu-mon-hoa-11.-thpt-nong-cong-i-thanh-hoa-nam-2017-lan-1-co-loi-giai.html,
158,158,158,158,158,https://cungthi.online/chi-tiet-tai-lieu/200-cum-dong-tu-bat-buoc.html,
159,159,159,159,159,https://cungthi.online/chi-tiet-tai-lieu/de-thi-thu-mon-hoa-so-giao-duc-hung-yen-lan-1-nam-2017-file-word-co-loi-giai.html,
160,160,160,160,160,https://cungthi.online/chi-tiet-tai-lieu/thi-hoc-ki-i-2015-2016-tin-11-thpt-nguyen-van-cu.html,
161,161,161,161,161,https://cungthi.online/chi-tiet-tai-lieu/cau-hoi-trac-nghiem-mon-toan-12-chuong-4-so-phuc-tinh-toan-voi-so-phuc-file-word-co-loi-giai-chi-tiet.doc.html,
162,162,162,162,162,https://cungthi.online/chi-tiet-tai-lieu/de-hsg-mon-vat-ly-lop-12-nam-hoc-2012-2013-so-gd-dt-vinh-phuc-vong-1-he-chuyen-file-word-co-loi-giai-chi-tiet.html,
163,163,163,163,163,https://cungthi.online/chi-tiet-tai-lieu/de-thi-olympic-truyen-thong-30-4-mon-hoa-hoc-lop-11-chuyen-le-khiet-quang-ngai.html,
164,164,164,164,164,https://cungthi.online/chi-tiet-tai-lieu/chuong-1-phep-doi-hinh-va-phep-dong-dang-muc-do-1-phan-3.html,
165,165,165,165,165,https://cungthi.online/chi-tiet-tai-lieu/chuong-2-ham-so-mu-ham-so-logarit-muc-do-2-phan-4.html,
166,166,166,166,166,https://cungthi.online/chi-tiet-tai-lieu/005-79-cau-trac-nghiem-goc-va-khoa-cach-oxyz-file-word-co-loi-giai-chi-tiet.html,
167,167,167,167,167,https://cungthi.online/chi-tiet-tai-lieu/51.-de-thi-thu-thptqg-nam-2018-mon-vat-ly-de-thi-thu-thpt-chuyen-vinh-phuc-file-word-co-loi-giai-chi-tiet.html,
168,168,168,168,168,https://cungthi.online/chi-tiet-tai-lieu/36.-de-thi-thu-thptqg-nam-2018-mon-tieng-anh-de-thi-kscl-thpt-yen-lac-vinh-phuc-file-word-co-loi-giai-chi-tiet.doc.html,
169,169,169,169,169,https://cungthi.online/chi-tiet-tai-lieu/de-thi-mon-tieng-anh-909.-tieng-anh-hoc24h-gv-nguyen-phuong-de-8.html,
170,170,170,170,170,https://cungthi.online/chi-tiet-tai-lieu/chuong-ii-4-quy-dong-mau-thuc-nhieu-phan-thuc.html,
171,171,171,171,171,https://cungthi.online/chi-tiet-tai-lieu/hinh-hoc-11-chuong-2-chuyen-de-2.-hai-d.thang-cheo-nhau.-hai-d.thang-song-songmuc-do-2.html,
172,172,172,172,172,https://cungthi.online/chi-tiet-tai-lieu/de-thi-thu-mon-toan-thptqg-ha-huy-tap-lan-2.html,
173,173,173,173,173,https://cungthi.online/chi-tiet-tai-lieu/tin-ch(thap-cham)-hk-ii-11.html,
174,174,174,174,174,https://cungthi.online/chi-tiet-tai-lieu/ki-thi-hoc-sinh-gioi-lop-9-2015--2016.html,
175,175,175,175,175,https://cungthi.online/chi-tiet-tai-lieu/chuong-ii-7-phep-nhan-cac-phan-thuc-dai-so.html,
176,176,176,176,176,https://cungthi.online/chi-tiet-tai-lieu/88.-de-thi-chinh-thuc-vao-10-mon-toan-so-gd-dt-phu-tho-nam-2015-2016-(co-loi-giai-chi-tiet).html,
177,177,177,177,177,https://cungthi.online/chi-tiet-tai-lieu/640-cau-trac-nghiem-hinh-khong-gian-oxyz-(toan-12)-co-dap-an-file-word-phan-1.html,
178,178,178,178,178,https://cungthi.online/chi-tiet-tai-lieu/8.-de-thi-chinh-thuc-vao-10-mon-toan-so-gd-dt-binh-dinh-nam-2014-2015-(co-loi-giai-chi-tiet).html,
179,179,179,179,179,https://cungthi.online/chi-tiet-tai-lieu/chuong-5-dao-ham-muc-do-2-phan-1.html,
180,180,180,180,180,https://cungthi.online/chi-tiet-tai-lieu/de-khao-sat-doi-tuyen-hsg-10-lan-1.html,
181,181,181,181,181,https://cungthi.online/chi-tiet-tai-lieu/de-on-tap-thi-hk2-toan-12-nam-hoc-2016-2017-thpt-nho-quan-a-ninh-binh-de-04-file-word-co-loi-giai-chi-tiet.doc.html,
182,182,182,182,182,https://cungthi.online/chi-tiet-tai-lieu/cong-thuc-mon-toan-12-chuong-i-ham-so-va-cac-bai-toan-lien-quan-file-word.html,
183,183,183,183,183,https://cungthi.online/chi-tiet-tai-lieu/hinh-hoc-12-chuong-1-chuyen-de-5.-max-min-trong-hinh-hocmuc-do-4.html,
184,184,184,184,184,https://cungthi.online/chi-tiet-tai-lieu/giai-tich-12-chuong-1-chuyen-de-4.duong-tiem-can-cuado-thi-ham-somuc-do-2.html,
185,185,185,185,185,https://cungthi.online/chi-tiet-tai-lieu/tai-lieu-ly-thuyet-va-bai-tap-chuong-1-nguyen-tu-file-word-co-dap-an-va-loi-giai-chi-tiet.html,
186,186,186,186,186,https://cungthi.online/chi-tiet-tai-lieu/de-thi-olympic-vat-ly-lop-10-2016-2017-truong-thpt-chuyen-long-xuyen-an-giang-file-word-co-loi-giai-chi-tiet.html,
187,187,187,187,187,https://cungthi.online/chi-tiet-tai-lieu/nlp-can-ban-joseph-oconnor.html,
188,188,188,188,188,https://cungthi.online/chi-tiet-tai-lieu/chu-de-bai-tap-chon-loc-ve-duong-phan-giac-cua-tam-giac-hinh7.html,
189,189,189,189,189,https://cungthi.online/chi-tiet-tai-lieu/30-142-cau-trac-nghiem-nguyen-ham-nang-cao-file-word-co-dap-an.html,
190,190,190,190,190,https://cungthi.online/chi-tiet-tai-lieu/ds-c4-bat-phuong-trinh-he-bat-phuong-trinh-bac-nhat-mot-an.html,
191,191,191,191,191,https://cungthi.online/chi-tiet-tai-lieu/de-thi-thu-thptqg-mon-toan-truong-thpt-chuyen-lam-son--thanh-hoa-lan-1-2018.html,
192,192,192,192,192,https://cungthi.online/chi-tiet-tai-lieu/cac-truong-hop-bang-nhau-cua-tam-giac.html,
193,193,193,193,193,https://cungthi.online/chi-tiet-tai-lieu/chuyen-de-trac-nghiem-phuong-phap-toa-do-trong-khong-gian-ngo-nguyen.html,
194,194,194,194,194,https://cungthi.online/chi-tiet-tai-lieu/kt-chuong-halogen.html,
195,195,195,195,195,https://cungthi.online/chi-tiet-tai-lieu/dai-cuong-dong-dien-khong-doi-dien-c2-dong-dien-khong-doi.html,
196,196,196,196,196,https://cungthi.online/chi-tiet-tai-lieu/50-cau-hoi-kiem-tra-unit-12-water-sports-lop-12-de-2-file-word-co-loi-giai-chi-tiet.html,
197,197,197,197,197,https://cungthi.online/chi-tiet-tai-lieu/bai-38.-ly-thuyet-va-bai-tap-ve-ankin-hm.html,
198,198,198,198,198,https://cungthi.online/chi-tiet-tai-lieu/tap-3.-250-bai-tap-trac-nghiem-dao-ham.-chuong-v.lop-11.-pdf.html,
