Name,Link
"Instagram Fashion, Products Ad - 16 PSD",https://tailieu.vn/doc/cach-day-con-4-5-tuoi-hoc-toan-o-nha-hieu-qua-2364319.html
Medal Line Icons,https://vndoc.com/giai-bai-tap-trang-19-20-sgk-toan-1-lon-hon-126225
Design Tools - Icon Pack,Medal Line Icons,https://vndoc.com/giai-bai-tap-trang-19-20-sgk-toan-1-lon-hon-126225
Design Tools - Icon Pack,https://tailieu.vn/doc/phuong-phap-day-con-hoc-so-don-gian-2363035.html
Business Analytics Flat Outline Icons,https://tailieu.vn/doc/day-be-hoc-dem-so-cuc-nhanh-de-dang-2363033.html
Autumn Clothes Accesories Twotone Icons,https://tailieu.vn/doc/day-be-hoc-dem-so-cuc-nhanh-de-dang-2363033.html
Sustainable Energy Flat Outline Icons,https://elements.envato.com/fr/micro-cv-3ZZ4SLQ
Artificial Intelligence Twotone Icons,https://elements.envato.com/fr/flight-over-a-suv-car-moving-on-an-asphalt-road-th-P6D6XDD
Avatar Outline Icons,https://elements.envato.com/fr/confident-guitar-QE2F746
Autumn Clothes Accesories Outline Icons,https://elements.envato.com/fr/sky-background-QSJ2XGN
Shopping and Ecommerce Outline Icons,https://elements.envato.com/fr/viorge-elegant-project-proposal-presentation-ppt-2JDCQF8
Vaccination - Modern Line Design Style Icons Set,https://elements.envato.com/fr/burtons-J8PW63
45 Clothes & Accessories Line Green & Black Icons,https://elements.envato.com/fr/ski-resort-loser-altaussee-R9BLPFA
Business Analytics Flat Outline Icons,https://elements.envato.com/fr/e-mail-signature-XYF5YK
Autumn Clothes Accesories Twotone Icons,https://elements.envato.com/fr/paladise-font-extras-F2YHDF
Sustainable Energy Flat Outline Icons,https://elements.envato.com/fr/micro-cv-3ZZ4SLQ
Artificial Intelligence Twotone Icons,https://elements.envato.com/fr/flight-over-a-suv-car-moving-on-an-asphalt-road-th-P6D6XDD
Avatar Outline Icons,https://elements.envato.com/fr/confident-guitar-QE2F746
Autumn Clothes Accesories Outline Icons,https://elements.envato.com/fr/sky-background-QSJ2XGN
Shopping and Ecommerce Outline Icons,https://elements.envato.com/fr/viorge-elegant-project-proposal-presentation-ppt-2JDCQF8
Vaccination - Modern Line Design Style Icons Set,https://elements.envato.com/fr/burtons-J8PW63
45 Clothes & Accessories Line Green & Black Icons,https://elements.envato.com/fr/ski-resort-loser-altaussee-R9BLPFA
Design Tools - Icon Pack,https://elements.envato.com/fr/p-letter-mark-palm-tree-logo-RA9B4UT
Business Analytics Flat Outline Icons,https://elements.envato.com/fr/e-mail-signature-XYF5YK
Autumn Clothes Accesories Twotone Icons,https://elements.envato.com/fr/paladise-font-extras-F2YHDF
Sustainable Energy Flat Outline Icons,https://elements.envato.com/fr/micro-cv-3ZZ4SLQ
Artificial Intelligence Twotone Icons,https://elements.envato.com/fr/flight-over-a-suv-car-moving-on-an-asphalt-road-th-P6D6XDD
Avatar Outline Icons,https://elements.envato.com/fr/confident-guitar-QE2F746
Autumn Clothes Accesories Outline Icons,https://elements.envato.com/fr/sky-background-QSJ2XGN
Shopping and Ecommerce Outline Icons,https://elements.envato.com/fr/viorge-elegant-project-proposal-presentation-ppt-2JDCQF8
Vaccination - Modern Line Design Style Icons Set,https://elements.envato.com/fr/burtons-J8PW63
45 Clothes & Accessories Line Green & Black Icons,https://elements.envato.com/fr/ski-resort-loser-altaussee-R9BLPFA