,Unnamed: 0,link,download
0,0,https://tracnghiem.net/cntt/320-cau-hoi-trac-nghiem-lap-trinh-c-co-dap-an-82.html,Yes
1,1,https://tracnghiem.net/cntt/320-cau-hoi-trac-nghiem-lap-trinh-c-co-dap-an-82.html?mode=part&part=2,Yes
2,2,https://tracnghiem.net/cntt/320-cau-hoi-trac-nghiem-lap-trinh-c-co-dap-an-82.html?mode=part&part=3,Yes
3,3,https://tracnghiem.net/cntt/320-cau-hoi-trac-nghiem-lap-trinh-c-co-dap-an-82.html?mode=part&part=4,Yes
4,4,https://tracnghiem.net/cntt/320-cau-hoi-trac-nghiem-lap-trinh-c-co-dap-an-82.html?mode=part&part=5,Yes
5,5,https://tracnghiem.net/cntt/200-cau-trac-nghiem-mon-cong-nghe-phan-mem-351.html,Yes
6,6,https://tracnghiem.net/cntt/200-cau-trac-nghiem-mon-cong-nghe-phan-mem-351.html?mode=part&part=2,Yes
7,7,https://tracnghiem.net/cntt/200-cau-trac-nghiem-mon-cong-nghe-phan-mem-351.html?mode=part&part=3,Yes
8,8,https://tracnghiem.net/cntt/200-cau-trac-nghiem-mon-cong-nghe-phan-mem-351.html?mode=part&part=4,Yes
9,9,https://tracnghiem.net/cntt/200-cau-trac-nghiem-mon-cong-nghe-phan-mem-351.html?mode=part&part=5,Yes
10,10,https://tracnghiem.net/cntt/200-cau-trac-nghiem-mon-cong-nghe-phan-mem-351.html?mode=part&part=6,Yes
11,11,https://tracnghiem.net/cntt/200-cau-trac-nghiem-mon-cong-nghe-phan-mem-351.html?mode=part&part=7,Yes
12,12,https://tracnghiem.net/cntt/200-cau-trac-nghiem-mon-cong-nghe-phan-mem-351.html?mode=part&part=8,Yes
13,13,https://tracnghiem.net/cntt/200-cau-trac-nghiem-mon-cong-nghe-phan-mem-351.html?mode=part&part=9,Yes
14,14,https://tracnghiem.net/cntt/250-cau-hoi-trac-nghiem-lap-trinh-php-co-dap-an-81.html,Yes
15,15,https://tracnghiem.net/cntt/250-cau-hoi-trac-nghiem-lap-trinh-php-co-dap-an-81.html?mode=part&part=2,Yes
16,16,https://tracnghiem.net/cntt/250-cau-hoi-trac-nghiem-lap-trinh-php-co-dap-an-81.html?mode=part&part=3,Yes
17,17,https://tracnghiem.net/cntt/250-cau-hoi-trac-nghiem-lap-trinh-php-co-dap-an-81.html?mode=part&part=4,Yes
18,18,https://tracnghiem.net/cntt/250-cau-hoi-trac-nghiem-lap-trinh-php-co-dap-an-81.html?mode=part&part=5,Yes
19,19,https://tracnghiem.net/cntt/400-cau-hoi-trac-nghiem-lap-trinh-c-c-co-dap-an-va-loi-giai-chi-tiet-107.html,Yes
20,20,https://tracnghiem.net/cntt/400-cau-hoi-trac-nghiem-lap-trinh-c-c-co-dap-an-va-loi-giai-chi-tiet-107.html?mode=part&part=2,
21,21,https://tracnghiem.net/cntt/400-cau-hoi-trac-nghiem-lap-trinh-c-c-co-dap-an-va-loi-giai-chi-tiet-107.html?mode=part&part=3,
22,22,https://tracnghiem.net/cntt/400-cau-hoi-trac-nghiem-lap-trinh-c-c-co-dap-an-va-loi-giai-chi-tiet-107.html?mode=part&part=4,
23,23,https://tracnghiem.net/cntt/400-cau-hoi-trac-nghiem-lap-trinh-c-c-co-dap-an-va-loi-giai-chi-tiet-107.html?mode=part&part=5,
24,24,https://tracnghiem.net/cntt/400-cau-hoi-trac-nghiem-lap-trinh-c-c-co-dap-an-va-loi-giai-chi-tiet-107.html?mode=part&part=6,
25,25,https://tracnghiem.net/cntt/400-cau-hoi-trac-nghiem-lap-trinh-c-c-co-dap-an-va-loi-giai-chi-tiet-107.html?mode=part&part=7,
26,26,https://tracnghiem.net/cntt/400-cau-hoi-trac-nghiem-lap-trinh-c-c-co-dap-an-va-loi-giai-chi-tiet-107.html?mode=part&part=8,
27,27,https://tracnghiem.net/cntt/220-cau-trac-nghiem-cau-truc-du-lieu-va-giai-thuat-560.html,
28,28,https://tracnghiem.net/cntt/220-cau-trac-nghiem-cau-truc-du-lieu-va-giai-thuat-560.html?mode=part&part=2,
29,29,https://tracnghiem.net/cntt/220-cau-trac-nghiem-cau-truc-du-lieu-va-giai-thuat-560.html?mode=part&part=3,
30,30,https://tracnghiem.net/cntt/220-cau-trac-nghiem-cau-truc-du-lieu-va-giai-thuat-560.html?mode=part&part=4,
31,31,https://tracnghiem.net/cntt/220-cau-trac-nghiem-cau-truc-du-lieu-va-giai-thuat-560.html?mode=part&part=5,
32,32,https://tracnghiem.net/cntt/220-cau-trac-nghiem-cau-truc-du-lieu-va-giai-thuat-560.html?mode=part&part=6,
33,33,https://tracnghiem.net/cntt/220-cau-trac-nghiem-cau-truc-du-lieu-va-giai-thuat-560.html?mode=part&part=7,
34,34,https://tracnghiem.net/cntt/220-cau-trac-nghiem-cau-truc-du-lieu-va-giai-thuat-560.html?mode=part&part=8,
35,35,https://tracnghiem.net/cntt/220-cau-trac-nghiem-cau-truc-du-lieu-va-giai-thuat-560.html?mode=part&part=9,
36,36,https://tracnghiem.net/cntt/220-cau-trac-nghiem-cau-truc-du-lieu-va-giai-thuat-560.html?mode=part&part=10,
37,37,https://tracnghiem.net/cntt/220-cau-trac-nghiem-cau-truc-du-lieu-va-giai-thuat-560.html?mode=part&part=11,
38,38,https://tracnghiem.net/cntt/220-cau-trac-nghiem-cau-truc-du-lieu-va-giai-thuat-560.html?mode=part&part=12,
39,39,https://tracnghiem.net/cntt/225-cau-trac-nghiem-lap-trinh-huong-doi-tuong-559.html,
40,40,https://tracnghiem.net/cntt/225-cau-trac-nghiem-lap-trinh-huong-doi-tuong-559.html?mode=part&part=2,
41,41,https://tracnghiem.net/cntt/225-cau-trac-nghiem-lap-trinh-huong-doi-tuong-559.html?mode=part&part=3,
42,42,https://tracnghiem.net/cntt/225-cau-trac-nghiem-lap-trinh-huong-doi-tuong-559.html?mode=part&part=4,
43,43,https://tracnghiem.net/cntt/225-cau-trac-nghiem-lap-trinh-huong-doi-tuong-559.html?mode=part&part=5,
44,44,https://tracnghiem.net/cntt/225-cau-trac-nghiem-lap-trinh-huong-doi-tuong-559.html?mode=part&part=6,
45,45,https://tracnghiem.net/cntt/225-cau-trac-nghiem-lap-trinh-huong-doi-tuong-559.html?mode=part&part=7,
46,46,https://tracnghiem.net/cntt/225-cau-trac-nghiem-lap-trinh-huong-doi-tuong-559.html?mode=part&part=7,
47,47,https://tracnghiem.net/cntt/225-cau-trac-nghiem-lap-trinh-huong-doi-tuong-559.html?mode=part&part=9,
48,48,https://tracnghiem.net/cntt/225-cau-trac-nghiem-lap-trinh-huong-doi-tuong-559.html?mode=part&part=10,
49,49,https://tracnghiem.net/cntt/225-cau-trac-nghiem-lap-trinh-huong-doi-tuong-559.html?mode=part&part=11,
50,50,https://tracnghiem.net/cntt/225-cau-trac-nghiem-lap-trinh-huong-doi-tuong-559.html?mode=part&part=12,
51,51,https://tracnghiem.net/cntt/350-cau-hoi-trac-nghiem-mon-lap-trinh-mang-116.html,
52,52,https://tracnghiem.net/cntt/350-cau-hoi-trac-nghiem-mon-lap-trinh-mang-116.html?mode=part&part=2,
53,53,https://tracnghiem.net/cntt/350-cau-hoi-trac-nghiem-mon-lap-trinh-mang-116.html?mode=part&part=3,
54,54,https://tracnghiem.net/cntt/350-cau-hoi-trac-nghiem-mon-lap-trinh-mang-116.html?mode=part&part=4,
55,55,https://tracnghiem.net/cntt/350-cau-hoi-trac-nghiem-mon-lap-trinh-mang-116.html?mode=part&part=5,
56,56,https://tracnghiem.net/cntt/350-cau-hoi-trac-nghiem-mon-lap-trinh-mang-116.html?mode=part&part=6,
57,57,https://tracnghiem.net/cntt/350-cau-hoi-trac-nghiem-mon-lap-trinh-mang-116.html?mode=part&part=7,
