link,download
https://thuvienhoclieu.com/loi-giai-de-thi-tot-nghiep-thpt-2022-mon-toan-ma-de-101/,Yes
https://thuvienhoclieu.com/de-thi-tot-nghiep-thpt-mon-toan-2022-co-dap-an/,Yes
https://thuvienhoclieu.com/de-thi-thu-tot-nghiep-mon-toan-nam-2022-chuyen-ha-tinh-co-loi-giai-chi-tiet/,Yes
https://thuvienhoclieu.com/de-thi-thu-tot-nghiep-thpt-toan-2022-so-gd-hai-duong-lan-2-co-loi-giai-chi-tiet/,Yes
https://thuvienhoclieu.com/de-thi-thu-tot-nghiep-toan-2022-chuyen-dai-hoc-vinh-co-loi-giai-chi-tiet-lan-2/,Yes
https://thuvienhoclieu.com/de-kiem-tra-kien-thuc-toan-lop-12-nam-2022-chuyen-dai-hoc-khtn-ha-noi-co-loi-giai-chi-tiet/,Yes
https://thuvienhoclieu.com/de-thi-thu-thpt-qg-toan-2022-chuyen-quang-trung-co-loi-giai-chi-tiet-lan-1/,Yes
https://thuvienhoclieu.com/de-thi-thu-tn-toan-2022-chuyen-le-khiet-co-loi-giai-chi-tiet-lan-1/,Yes
https://thuvienhoclieu.com/de-luyen-thi-mon-toan-2022-bam-sat-de-minh-hoa-co-loi-giai-chi-tiet-de-12/,Yes
https://thuvienhoclieu.com/de-thi-thu-toan-2022-tn-thpt-chuan-cau-truc-de-minh-hoa-co-loi-giai-chi-tiet-de-11/,Yes
https://thuvienhoclieu.com/de-thi-thu-toan-2022-tot-nghiep-thpt-chuan-de-minh-hoa-co-loi-giai-chi-tiet-de-10/,Yes
https://thuvienhoclieu.com/de-on-thi-tn-thpt-mon-toan-2022-bam-sat-de-minh-hoa-co-loi-giai-chi-tiet-de-9/,Yes
https://thuvienhoclieu.com/de-on-thi-tot-nghiep-thpt-mon-toan-2022-bam-sat-de-minh-hoa-co-loi-giai-chi-tiet-de-8/,Yes
https://thuvienhoclieu.com/de-on-tap-tot-nghiep-thpt-2022-mon-toan-bam-sat-de-minh-hoa-co-loi-giai-chi-tiet-de-7/,Yes
https://thuvienhoclieu.com/de-luyen-thi-tot-nghiep-thpt-mon-toan-2022-bam-sat-de-minh-hoa-co-loi-giai-chi-tiet-de-6/,Yes
https://thuvienhoclieu.com/de-on-thi-tn-thpt-2022-mon-toan-phat-trien-tu-de-minh-hoa-co-loi-giai-chi-tiet-de-5/,Yes
https://thuvienhoclieu.com/de-on-thi-thpt-2022-mon-toan-phat-trien-tu-de-minh-hoa-co-loi-giai-chi-tiet-de-4/,Yes
https://thuvienhoclieu.com/bo-de-thi-giua-hoc-ky-2-toan-8-nam-2022-co-dap-an/,Yes
https://thuvienhoclieu.com/60-cau-trac-nghiem-dau-cua-nhi-thuc-bac-nhat-co-dap-an/,Yes
https://thuvienhoclieu.com/ma-tran-de-kiem-tra-tieng-anh-7-chuong-trinh-10-nam-2-ky-nang-giua-hoc-ky-1/,Yes
https://thuvienhoclieu.com/36-de-kiem-tra-hoc-ky-2-mon-tieng-anh-10-co-dap-an/,Yes
https://thuvienhoclieu.com/bai-tap-chuyen-de-13-comparisons-co-dap-an-on-thi-vao-lop-10/,Yes
https://thuvienhoclieu.com/chuyen-de-ngu-phap-tieng-anh-chuyen-de-23-thanh-ngu-idioms/,Yes
https://thuvienhoclieu.com/cdn-cgi/l/email-protection#06267573767669747246726e73706f63686e69656a6f63732865696b,Die
https://thuvienhoclieu.com/100-cau-trac-nghiem-phuong-trinh-mu-theo-tung-dang/,Yes
https://thuvienhoclieu.com/80-cau-trac-nghiem-he-truc-toa-do-trong-khong-gian-oxyz-thong-hieu-co-dap-an/,Yes
https://thuvienhoclieu.com/75-cau-trac-nghiem-tiem-can-muc-thong-hieu-co-dap-an/,Yes
https://thuvienhoclieu.com/80-cau-trac-nghiem-nhan-biet-dang-do-thi-ham-so-co-dap-an/,Yes
https://thuvienhoclieu.com/de-on-thi-tn-2022-toan-phat-trien-tu-de-minh-hoa-co-loi-giai-chi-tiet-de-2/,Yes
https://thuvienhoclieu.com/chuyen-de-tim-nghiem-cua-phuong-trinh-mu-luyen-thi-tot-nghiep-thpt-co-dap-an-va-loi-giai/,Die
https://thuvienhoclieu.com/de-thi-thu-toan-9-tuyen-sinh-vao-lop-10-chuyen-co-dap-an-de-1/,Yes
https://thuvienhoclieu.com/bai-tap-tieng-anh-7-chuong-trinh-moi-bai-11-traveling-in-the-future-co-dap-an-bui-van-vinh-duong-thi-hong-diep/,Yes
https://thuvienhoclieu.com/ma-tran-de-kiem-tra-tieng-anh-9-chuong-trinh-7-nam-4-ky-nang-giua-hoc-ky-1-nam-hoc-2020-2021/,Yes
https://thuvienhoclieu.com/de-thi-chon-hoc-sinh-nang-khieu-cap-huyen-tieng-anh-6-chuong-trinh-thi-diem-co-dap-an-va-file-nghe-de-5/,Yes
https://thuvienhoclieu.com/cdn-cgi/l/email-protection#2e0e5d5b5e5e415c5a6e5a465b58474b4046414d42474b5b004d4143,Die
https://thuvienhoclieu.com/de-thi-hk2-mon-toan-11-so-gd-quang-nam-2021-2022-co-dap-an/,Yes
https://thuvienhoclieu.com/10-de-thi-hoc-ky-2-toan-11-co-dap-an/,Yes
https://thuvienhoclieu.com/de-cuong-trac-nghiem-on-thi-toan-11-hoc-ky-2-theo-tung-muc-do/,Yes
https://thuvienhoclieu.com/de-cuong-on-tap-toan-11-hk2-nam-2022-tham-khao/,Yes
https://thuvienhoclieu.com/de-on-tap-toan-11-hk2-nam-2022-co-dap-an-de-1/,Yes
https://thuvienhoclieu.com/bo-de-on-thi-hk2-toan-11-nam-2022-co-dap-an/,Yes
https://thuvienhoclieu.com/bo-de-on-tap-toan-11-hk2-nam-hoc-2021-2022/,Yes
https://thuvienhoclieu.com/bo-de-kiem-tra-giua-hoc-ky-2-mon-toan-11-nam-2022-co-dap-an/,Yes
https://thuvienhoclieu.com/de-on-thi-giua-ki-2-toan-11-nam-hoc-2021-2022-co-dap-an-de-8/,Yes
https://thuvienhoclieu.com/trac-nghiem-gioi-han-day-so-ham-so-muc-thong-hieu-co-dap-an/,Yes
https://thuvienhoclieu.com/cac-dang-toan-ve-ham-so-lien-tuc-lop-11-co-loi-giai-chi-tiet/,Yes
https://thuvienhoclieu.com/cac-dang-toan-ve-gioi-han-ham-so-lop-11-co-loi-giai-chi-tiet/,Yes
https://thuvienhoclieu.com/cac-dang-toan-ve-gioi-han-day-so-co-loi-giai-chi-tiet/,Yes
https://thuvienhoclieu.com/de-thi-chon-hsg-toan-11-cap-truong-nam-2022-co-dap-an/,Yes
https://thuvienhoclieu.com/de-thi-hk1-toan-11-nam-hoc-2021-2022-co-dap-an/,Yes
https://thuvienhoclieu.com/de-thi-olympic-toan-11-so-gddt-quang-nam-2021-co-dap-an/,Yes
https://thuvienhoclieu.com/bo-cau-hoi-on-thi-olympia-cap-truong-2022-co-dap-an/,Yes
https://thuvienhoclieu.com/bo-de-thi-hoc-ky-2-toan-10-nam-hoc-2020-2021-co-dap-an/,Yes
