https://drive.google.com/drive/folders/1QpGR1JBeBLqUH3DE20hpj-T9isPTTQSG?usp=sharing,Yes
https://drive.google.com/drive/folders/1g9B9HYrIGFrUG5Wa3rU8ogR6FS2SeA6w?usp=sharing
https://drive.google.com/file/d/1aUEWvXkKZuMQuEmgcIHT_BhpvFMQDR5L/view?usp=sharing
https://drive.google.com/drive/folders/1XoFuqDW0k5Nvthuffw5VadwUobBkDYUr?usp=sharing
https://docs.google.com/document/d/1RWRVa5rjPzBr6kOAo9NPI6kqdvZaZ_9f/edit?usp=sharing&ouid=107756749735436064352&rtpof=true&sd=true
https://docs.google.com/document/d/1C2faxdwJXWp2TA1FUJ38UFDGwFKEN6_x/edit?usp=sharing&ouid=107756749735436064352&rtpof=true&sd=true
https://drive.google.com/drive/folders/10Xt2N2yHN8hsVKq4MLHnQ4AvMNmld4Ef?usp=sharing
https://drive.google.com/drive/folders/1XJlMtcznu-LRm30XFsXKFovOGAsAW823?usp=sharing
https://drive.google.com/drive/folders/1juzIjsK3MwAYgh4Xyw-_2HS4D4i2Gmgg?usp=sharing
https://drive.google.com/drive/folders/1n0YIISqolAsXjSA1uhFVb3iImYC1xxc0?usp=sharing
https://drive.google.com/drive/folders/1mwJrGLy1Ak8qAJBoY0-cdI01w71DieQC?usp=sharing
https://drive.google.com/drive/folders/1CzM2fC6pxzmmVfIMf_R83JmHJoqPhYo6?usp=sharing
https://drive.google.com/drive/folders/17duCb2y7gp64B89-W4p-VcfUq1RhNof6?usp=sharing
https://drive.google.com/drive/folders/1QgCdT5BREJQzqFBCKnPqoM95cnpbrL8q?usp=sharing
https://drive.google.com/drive/folders/1fkJZ1PDTNxJ3vnPw4kGEVzOrUkGPT5BL?usp=sharing
https://drive.google.com/drive/folders/1yi9OKy1o4zeo-CytTQHeSOK-KlPZab-2?usp=sharing
https://drive.google.com/drive/folders/1kzmLcg_9d1buehNn4nQ8KFxLd2RJGHHk?usp=sharing
https://drive.google.com/drive/folders/1jALzvv5PKImwo90eRzQoKZfUSPG1AyPb?usp=sharing
https://drive.google.com/drive/folders/1rlAZ_BeBqvMGrqDm9K8AdFehj9gToT0x?usp=sharing
https://drive.google.com/drive/folders/1VxFLogEu8Y6kP7XfWPC9hMJQUpc1AkZA?usp=sharing
https://drive.google.com/drive/folders/1Tv7LzhNvcfad5Da2crzfDawOFcji6VVy?usp=sharing
https://drive.google.com/file/d/1bhOYo0rGrUiV-vvK1dPmwmih--ICkZwP/view?usp=sharing
https://drive.google.com/drive/folders/1GYguteW55L2-LaawahLes-Npy4tiCbeE?usp=sharing
https://drive.google.com/drive/folders/1fUOKyG6iwyJkmMY3tzUv6DfNnRE4gU-v?usp=sharing
https://drive.google.com/drive/folders/1kLEcHYh0Iph97YBporCV3_Nfqd96D1ZC?usp=sharing
https://drive.google.com/drive/folders/1gwzBL71Wp5M_q3JOoLWNXxYay4rpW0Oc?usp=sharing
https://drive.google.com/drive/folders/1Xpwe_NooiPwgiD-R6wl5v-UDSYg9HH9H?usp=sharing
https://drive.google.com/drive/folders/1WN7RE1GN-n1_62hUjk_5SNbpIcnp8Vo9?usp=sharing
https://drive.google.com/drive/folders/130WCFSYPWxZqVODbRSIiP8HbzAUlUAwh?usp=sharing
https://drive.google.com/drive/folders/1g8sFznnzu5eogaKdkYhzold8Glz4FifD?usp=sharing
https://drive.google.com/drive/folders/1_QIuNN_1v12rLCnl96Hh2Ne_8du0zjtR?usp=sharing
https://drive.google.com/drive/folders/1iWhIn4-YkfrpgDmtBf8gErud2QIf7PMP?usp=sharing