,Unnamed: 0,Unnamed: 0.1,link,download
0,0,0,https://www.tailieugiaovien.com/,Die
1,1,1,https://www.tailieugiaovien.com/2022/08/giao-an-chuyen-de-toan-lop-10-11-12-moi-nhat.html,Yes
2,2,2,https://www.tailieugiaovien.com/p/tai-lieu-toan.html,Die
3,3,3,https://www.tailieugiaovien.com/p/tai-lieu-mon-vat-ly-file-word.html,Die
4,4,4,https://www.tailieugiaovien.com/p/tai-lieu-hoa-hoc.html,Die
5,5,5,https://www.tailieugiaovien.com/p/tai-lieu-sinh-hoc-6-7-8-9-10-11-12.html,Die
6,6,6,https://www.tailieugiaovien.com/search/label/tieng-anh,Die
7,7,7,https://www.tailieugiaovien.com/p/tai-lieu-ngu-van.html,Die
8,8,8,https://www.tailieugiaovien.com/p/tai-lieu-lich-su.html,Die
9,9,9,https://www.tailieugiaovien.com/p/tai-lieu-dia-ly-lop-6-7-8-9-10-12.html,Die
10,10,10,https://www.tailieugiaovien.com/search/label/giao-duc-cong-dan,Die
11,11,11,https://www.tailieugiaovien.com/p/de-thi-thu-thpt-quoc-gia.html,Die
12,12,12,https://www.tailieugiaovien.com/2021/03/de-thi-thu-thpt-quoc-gia-2021-co-loi-giai.html,Die
13,13,13,https://www.tailieugiaovien.com/p/bo-de-thi-thu-thpt-quoc-gia-2020.html,Die
14,14,14,https://www.tailieugiaovien.com/p/de-thi-thu-thpt-quoc-gia-2019-file-word.html,Die
15,15,15,https://www.tailieugiaovien.com/p/chuyen-de-toan-file-word.html,Yes
16,16,16,https://www.tailieugiaovien.com/2021/08/giao-an-toan-6-7-8-9-10-11-12-cv-5512.html,Yes
17,17,17,https://www.tailieugiaovien.com/2021/08/cam-nang-toan-dang-viet-hung-lop-10-11-12-.html,Die
18,18,18,https://www.tailieugiaovien.com/2021/05/de-thi-tuyen-sinh-vao-10-mon-toan-chuyen-de-giang-day-luyen-thi-vao-10.html,Yes
19,19,19,https://www.tailieugiaovien.com/p/de-thi-hoc-sinh-gioi-toan-file-word.html,Yes
20,20,20,https://www.tailieugiaovien.com/2019/06/chuyen-de-toan-dang-viet-dong-file-word.html,Die
21,21,21,https://www.tailieugiaovien.com/2021/12/de-thi-thu-thpt-quoc-gia-2022-mon-toan.html,Yes
22,22,22,https://www.tailieugiaovien.com/p/chuyen-de-vat-ly-file-word.html,Yes
23,23,23,https://www.tailieugiaovien.com/2021/02/giao-an-vat-ly-6-7-8-9-10-11-12-cv5512-.html,Yes
24,24,24,https://www.tailieugiaovien.com/p/chuyen-de-boi-duong-hoc-sinh-gioi-vat-ly.html,Yes
25,25,25,https://www.tailieugiaovien.com/2021/09/chuyen-de-bai-tap-vat-ly-10-11-12-dang-viet-hung.html,Die
26,26,26,https://www.tailieugiaovien.com/2019/08/bo-chuyen-e-vat-ly-day-du-lop-10-11-12-nam-2020-file-word.html,Die
27,27,27,https://www.tailieugiaovien.com/2021/12/de-thi-thu-thpt-quoc-gia-2022-vat-ly.html,Yes
28,28,28,https://www.tailieugiaovien.com/2022/02/de-thi-thu-thpt-quoc-gia-2022-hoa-hoc.html,Yes
29,29,29,https://www.tailieugiaovien.com/p/chuyen-de-hoa-hoc-file-word.html,Yes
30,30,30,https://www.tailieugiaovien.com/2021/08/giao-an-hoa-hoc-cv-5512-lop-8-9-10-11-12.html,Yes
31,31,31,https://www.tailieugiaovien.com/p/cac-chuyen-de-boi-duong-hoc-sinh-gioi.html,Yes
32,32,32,https://www.tailieugiaovien.com/p/de-thi-kiem-tra-hoc-ky-1-2-mon-hoa-hoc.html,Yes
33,33,33,https://www.tailieugiaovien.com/2019/08/tu-duy-hoa-hoc-NAP-4.0-nguyen-anh-phong-file-word.html,Yes
34,34,34,https://www.tailieugiaovien.com/2022/02/de-thi-thu-thpt-quoc-gia-2022-sinh-hoc.html,Yes
35,35,35,https://www.tailieugiaovien.com/2021/08/giao-an-sinh-hoc-cv-5512-lop-6-7-8-9-10-11-12.html,Yes
36,36,36,https://www.tailieugiaovien.com/p/chuyen-de-sinh-hoc-lop-6-7-8-9-10-11-12.html,Yes
37,37,37,https://www.tailieugiaovien.com/2020/12/giao-an-sinh-hoc-6-7-8-9-10-11-12-theo-chu-de-va-cv3280-.html,Yes
38,38,38,https://www.tailieugiaovien.com/p/tai-lieu-on-thi-thpt-quoc-gia-mon-sinh.html,Yes
39,39,39,https://www.tailieugiaovien.com/2022/02/de-thi-thu-thpt-quoc-gia-2022-mon-tieng-anh.html,Yes
40,40,40,https://www.tailieugiaovien.com/p/chuyen-de-tieng-anh-6-7-8-9-10-11-12.html,Yes
41,41,41,https://www.tailieugiaovien.com/2021/01/giao-an-tieng-anh-6-7-8-9-10-11-12-thi-diem.html,Yes
42,42,42,https://www.tailieugiaovien.com/2022/02/de-thi-thu-thpt-quoc-gia-2022-mon-ngu-van.html,Yes
43,43,43,https://www.tailieugiaovien.com/p/chuyen-de-ngu-van.html,Yes
44,44,44,https://www.tailieugiaovien.com/2021/02/giao-an-ngu-van-6-7-8-9-10-11-12-cv5512.html,Yes
45,45,45,https://www.tailieugiaovien.com/2022/02/de-thi-thu-thpt-quoc-gia-2022-mon-lich-su.html,Yes
46,46,46,https://www.tailieugiaovien.com/p/chuyen-de-lich-su-lop-6-7-8-9-10-11-12.html,Yes
47,47,47,https://www.tailieugiaovien.com/2021/08/giao-an-lich-su-cv-5512-lop-6-7-8-9-10-11-12.html,Yes
48,48,48,https://www.tailieugiaovien.com/2020/11/giao-an-lich-su-lop-6-7-8-9-10-11-12-file-word.html,Yes
49,49,49,https://www.tailieugiaovien.com/2020/11/de-thi-thu-thpt-quoc-gia-2021-mon-dia-ly.html,Yes
50,50,50,https://www.tailieugiaovien.com/p/chuyen-de-dia-ly-6-7-8-9-10-11-12.html,Yes
51,51,51,https://www.tailieugiaovien.com/2021/08/giao-an-dia-ly-cv-5512-lop-6-7-8-9-10-11-12.html,Yes
52,52,52,https://www.tailieugiaovien.com/search/label/h%C3%B3a%20h%E1%BB%8Dc,Die
53,53,53,https://www.tailieugiaovien.com/p/tai-lieu-chuyen-de-mon-sinh-hoc-thpt.html,Die
54,54,54,https://www.tailieugiaovien.com/search/label/ti%E1%BA%BFng%20anh,Die
55,55,55,https://www.tailieugiaovien.com/search/label/ngu-van,Die
56,56,56,https://www.tailieugiaovien.com/search/label/dia-ly?&max-result=6,Die
57,57,57,https://www.tailieugiaovien.com/search/label/lich-su?&max-result=6,Die
58,58,58,https://www.tailieugiaovien.com/search?&max-result=6,Die
59,59,59,https://www.tailieugiaovien.com/search/label/mon-toan,Die
60,60,60,https://www.tailieugiaovien.com/search/label/m%C3%B4n%20to%C3%A1n,Die
61,61,61,https://www.tailieugiaovien.com/search/label/tai-lieu-2022-2023,Die
62,62,62,https://www.tailieugiaovien.com/2022/07/chuyen-de-toan-10-ket-noi-tri-thuc-voi-cuoc-song.html,Die
63,63,63,https://www.tailieugiaovien.com/2022/02/de-thi-danh-gia-nang-luc-dai-hoc-2022.html,Yes
64,64,64,https://www.tailieugiaovien.com/search/label/de-thi-thu-thpt-2022,Die
65,65,65,https://www.tailieugiaovien.com/search/label/DGNL,Die
66,66,66,https://www.tailieugiaovien.com/search/label/%C4%91%C3%A1nh%20gi%C3%A1%20n%C4%83ng%20l%E1%BB%B1c,Die
67,67,67,https://www.tailieugiaovien.com/search/label/%C4%91%E1%BB%81%20thi%20th%E1%BB%AD%20THPT%202022,Die
68,68,68,https://www.tailieugiaovien.com/search?updated-max=2022-02-23T18:51:00-08:00&max-results=7,Die
69,69,69,https://www.tailieugiaovien.com/p/giao-an.html,Die
70,70,70,https://www.tailieugiaovien.com#,Die
71,71,71,https://www.tailieugiaovien.com/search/label/%C4%91%E1%BB%81%20thi%20th%E1%BB%AD%20thpt%202019,Die
72,72,72,https://www.tailieugiaovien.com/search/label/v%E1%BA%ADt%20l%C3%BD,Die
73,73,73,https://www.tailieugiaovien.com/search/label/B%E1%BB%99%20%C4%91%E1%BB%81%202020,Die
74,74,74,https://www.tailieugiaovien.com/search/label/%C4%91%E1%BB%81%20thi%20th%E1%BB%AD%20thpt%202018,Die
75,75,75,https://m.me/107944841016394?ref=tailieugiaovien,Die
76,76,76,https://www.tailieugiaovien.com/2022/08/giao-an-chuyen-de-toan-lop-10-11-12-moi-nhat.html#huong-dan-dang-ky,Yes
77,77,77,https://www.tailieugiaovien.com/2020/10/giao-an-toan-giam-tai-theo-cv-3280-bo-GD-2021-file-word.html,Yes
78,78,78,https://www.tailieugiaovien.com/search/label/on-thi-thpt-toan,Die
79,79,79,https://www.tailieugiaovien.com/2020/10/giao-an-vat-ly-cv-3280-giam-tai-bo-GD-2021-file-word.html,Yes
80,80,80,https://www.tailieugiaovien.com/search/label/vat-ly,Die
81,81,81,https://www.tailieugiaovien.com/2020/11/de-thi-thu-thpt-quoc-gia-2021-mon-hoa-hoc.html,Yes
82,82,82,https://www.tailieugiaovien.com/search/label/on-thi-thpt-hoa-hoc,Die
83,83,83,https://www.tailieugiaovien.com/2020/11/de-thi-thu-thpt-quoc-gia-2021-mon-sinh-hoc.html,Yes
84,84,84,https://www.tailieugiaovien.com/2021/08/giao-an-tieng-anh-cv-5512-lop-6-7-8-9-10-11-12.html,Yes
85,85,85,https://www.tailieugiaovien.com/search/label/tieng-anh?updated-max=2021-10-10T06:54:00-07:00&max-results=20&start=2&by-date=false,Die
86,86,86,https://www.tailieugiaovien.com/2021/10/giao-an-ca-nam-va-giao-an-powepoint-ngu-van-6-canh-dieu-chan-troi-sang-tao-ket-noi-tri-thuc-voi-cuoc-song.html,Yes
87,87,87,https://www.tailieugiaovien.com/2020/10/giao-an-ngu-van.html,Yes
88,88,88,https://www.tailieugiaovien.com/2020/11/de-thi-thu-thpt-quoc-gia-2021-mon-lich-su.html,Yes
89,89,89,https://www.tailieugiaovien.com/search/label/lich-su,Die
90,90,90,https://www.tailieugiaovien.com/2020/11/giao-an-dia-ly-lop-6-7-8-9-10-11-12-file-word.html,Yes
91,91,91,https://www.tailieugiaovien.com/search/label/dia-ly,Die
92,92,92,https://www.tailieugiaovien.com/2022/02/de-thi-thu-thpt-quoc-gia-2022-mon-GDCD.html,Yes
93,93,93,https://www.tailieugiaovien.com/search/label/Gi%C3%A1o%20d%E1%BB%A5c%20c%C3%B4ng%20d%C3%A2n,Die
94,94,94,https://www.tailieugiaovien.com/2021/01/de-thi-thu-thpt-quoc-gia-2021-mon-gdcd.html,Yes
95,95,95,https://www.tailieugiaovien.com/2020/01/bo-de-thi-thu-thpt-quoc-gia-mon-GDCD-2020-file-word.html,Die
96,96,96,https://www.tailieugiaovien.com/2019/03/de-thi-thu-thpt-quoc-gia-gdcd-2019.html,Die
97,97,97,https://www.tailieugiaovien.com/search/label/giao-duc-cong-dan?updated-max=2019-03-08T01:41:00-08:00&max-results=20&start=20&by-date=false,Die
98,98,98,https://www.tailieugiaovien.com/2020/11/de-thi-thu-thpt-quoc-gia-2021-mon-toan.html,Yes
99,99,99,https://www.tailieugiaovien.com/2020/11/de-thi-thu-thpt-quoc-gia-2021-mon-vat-ly.html,Yes
100,100,100,https://www.tailieugiaovien.com/2020/11/de-thi-thu-thpt-quoc-gia-2021-mon-tieng-anh.html,Yes
101,101,101,https://www.tailieugiaovien.com/2020/11/de-thi-thu-thpt-quoc-gia-2021-mon-ngu-van.html,Yes
102,102,102,https://www.tailieugiaovien.com/2020/01/bo-de-thi-thu-thpt-quoc-gia-mon-lich-su-2020-file-word.html,Die
103,103,103,https://www.tailieugiaovien.com/2019/11/bo-de-thi-thu-thpt-quoc-gia-mon-toan-2020-file-word.html,Die
104,104,104,https://www.tailieugiaovien.com/2019/12/bo-de-thi-thu-thpt-quoc-gia-mon-vat-ly-2020-file-word.html,Die
105,105,105,https://www.tailieugiaovien.com/2020/01/bo-de-thi-thu-thpt-quoc-gia-mon-hoa-hoc-2020-file-word.html,Die
106,106,106,https://www.tailieugiaovien.com/2020/01/bo-de-thi-thu-thpt-quoc-gia-2020-mon-sinh-hoc-file-word.html,Die
107,107,107,https://www.tailieugiaovien.com/2020/01/bo-de-thi-thu-thpt-quoc-gia-mon-tieng-anh-2020-file-word.html,Die
108,108,108,https://www.tailieugiaovien.com/2020/01/bo-de-thi-thu-thpt-quoc-gia-mon-ngu-van-2020-file-word.html,Die
109,109,109,https://www.tailieugiaovien.com/2020/01/bo-de-thi-thu-thpt-quoc-gia-mon-dia-ly-2020-file-word.html,Die
110,110,110,https://www.tailieugiaovien.com/2019/04/bo-de-thi-thu-thpt-quoc-gia-2019-mon-toan-file-word.html,Die
111,111,111,https://www.tailieugiaovien.com/2019/05/bo-de-thi-thu-thpt-quoc-gia-2019-mon-vat-ly-file-word.html,Die
112,112,112,https://www.tailieugiaovien.com/2019/04/bo-de-thi-thu-thpt-quoc-gia-2019-hoa-hoc.html,Die
113,113,113,https://www.tailieugiaovien.com/2019/05/bo-de-thi-thu-thpt-quoc-gia-2019-mon-sinh-hoc-file-word.html,Die
114,114,114,https://www.tailieugiaovien.com/2019/05/bo-de-thi-thu-thpt-quoc-gia-2019-mon-tieng-anh-file-word.html,Die
115,115,115,https://www.tailieugiaovien.com/2019/05/bo-de-thi-thu-thpt-quoc-gia-2019-mon-ngu-van-file-word.html,Die
116,116,116,https://www.tailieugiaovien.com/2019/05/bo-de-thi-thu-thpt-quoc-gia-2019-mon-lich-su-file-word.html,Die
117,117,117,https://www.tailieugiaovien.com/2019/05/bo-de-thi-thu-thpt-quoc-gia-2019-mon-dia-ly-file-word.html,Die
118,118,118,https://www.tailieugiaovien.com/2019/05/bo-de-thi-thu-thpt-quoc-gia-2019-mon-GDCD-file-word.html,Die
119,119,119,https://www.tailieugiaovien.com/p/chuyen-de-toan-file-word.html#chuyen-de-toan-6,Yes
120,120,120,https://www.tailieugiaovien.com/p/chuyen-de-toan-file-word.html#chuyen-de-toan-7,Yes
121,121,121,https://www.tailieugiaovien.com/p/chuyen-de-toan-file-word.html#chuyen-de-toan-8,Yes
122,122,122,https://www.tailieugiaovien.com/p/chuyen-de-toan-file-word.html#chuyen-de-toan-9,Yes
123,123,123,https://www.tailieugiaovien.com/p/chuyen-de-toan-file-word.html#chuyen-de-toan-10,Yes
124,124,124,https://www.tailieugiaovien.com/p/chuyen-de-toan-file-word.html#chuyen-de-toan-11,Yes
125,125,125,https://www.tailieugiaovien.com/p/chuyen-de-toan-file-word.html#chuyen-de-toan-12,Yes
126,126,126,https://www.tailieugiaovien.com/p/chuyen-de-toan-file-word.html#huong-dan-dang-ky,Yes
127,127,127,https://www.tailieugiaovien.com//www.tickcounter.com/countdown/3236050/thoi-gian-khuyen-mai-chi-con,Die
128,128,128,https://www.tailieugiaovien.com//www.tickcounter.com/,Die
129,129,129,https://www.tailieugiaovien.com/2021/08/giao-an-toan-6-7-8-9-10-11-12-cv-5512.html#huong-dan-dang-ky,Yes
130,130,130,https://www.tailieugiaovien.com/search/label/chuyen-de-giang-day-2021-2022,Die
131,131,131,https://www.tailieugiaovien.com/2021/05/de-thi-tuyen-sinh-vao-10-mon-toan-chuyen-de-giang-day-luyen-thi-vao-10.html#dang-ky-de-thi-chuyen-de-vao-10,Yes
132,132,132,https://www.tailieugiaovien.com//www.tickcounter.com/countdown/2346610/thoi-gian-khuyen-mai-chi-con,Die
133,133,133,https://www.tailieugiaovien.com/p/de-thi-hoc-sinh-gioi-toan-file-word.html#huong-dan-dang-ky,Yes
134,134,134,https://www.tailieugiaovien.com/search/label/chuyen-de-giao-an-2021,Die
135,135,135,https://www.tailieugiaovien.com/2019/06/chuyen-de-trac-nghiem-toan-tong-hop-10-11-12-file-word.html,Die
136,136,136,https://www.tailieugiaovien.com/2019/06/1500-bai-tap-sinh-hoc-thpt-file-word.html,Die
137,137,137,https://www.tailieugiaovien.com/2021/12/de-thi-thu-thpt-quoc-gia-2022-mon-toan.html#dang-ky-de-thi-2022,Yes
138,138,138,https://www.tailieugiaovien.com/p/chuyen-de-vat-ly-file-word.html#huong-dan-dang-ky,Yes
139,139,139,https://www.tailieugiaovien.com/2021/02/giao-an-vat-ly-6-7-8-9-10-11-12-cv5512-.html#huong-dan-dang-ky,Yes
140,140,140,https://www.tailieugiaovien.com/p/chuyen-de-boi-duong-hoc-sinh-gioi-vat-ly.html#huong-dan-dang-ky,Yes
141,141,141,https://www.tailieugiaovien.com/2021/10/giao-an-toan-6-canh-dieu-chan-troi-sang-tao-ket-noi-tri-thuc-voi-cuoc-song.html,Yes
142,142,142,https://www.tailieugiaovien.com/2019/08/bai-tap-cau-hoi-ly-thuyet-van-dung-cao-mon-toan-tu-bo-de-2019.html,Die
143,143,143,https://www.tailieugiaovien.com/2021/12/de-thi-thu-thpt-quoc-gia-2022-vat-ly.html#dang-ky-de-thi-2022,Yes
144,144,144,https://www.tailieugiaovien.com/search/label/hoa-hoc,Die
145,145,145,https://www.tailieugiaovien.com/2022/02/de-thi-thu-thpt-quoc-gia-2022-hoa-hoc.html#dang-ky-de-thi-2022,Yes
146,146,146,https://www.tailieugiaovien.com/p/chuyen-de-hoa-hoc-file-word.html#huong-dan-dang-ky,Yes
147,147,147,https://www.tailieugiaovien.com/2021/08/giao-an-hoa-hoc-cv-5512-lop-8-9-10-11-12.html#huong-dan-dang-ky,Yes
148,148,148,https://www.tailieugiaovien.com/p/cac-chuyen-de-boi-duong-hoc-sinh-gioi.html#huong-dan-dang-ky,Yes
149,149,149,https://www.tailieugiaovien.com/p/de-thi-kiem-tra-hoc-ky-1-2-mon-hoa-hoc.html#huong-dan-dang-ky,Yes
150,150,150,https://www.tailieugiaovien.com/2019/08/tu-duy-hoa-hoc-NAP-4.0-nguyen-anh-phong-file-word.html#huong-dan-dang-ky,Yes
151,151,151,https://www.tailieugiaovien.com/2019/08/chuyen-de-vat-ly-12-file-word-dang-viet-hung.html,Die
152,152,152,https://www.tailieugiaovien.com/search/label/sinh%20h%E1%BB%8Dc,Die
153,153,153,https://www.tailieugiaovien.com/search/label/sinh-hoc,Die
154,154,154,https://www.tailieugiaovien.com/2022/02/de-thi-thu-thpt-quoc-gia-2022-sinh-hoc.html#dang-ky-de-thi-2022,Yes
155,155,155,https://www.tailieugiaovien.com/2021/08/giao-an-sinh-hoc-cv-5512-lop-6-7-8-9-10-11-12.html#huong-dan-dang-ky,Yes
156,156,156,https://www.tailieugiaovien.com/2021/08/2300-bai-tap-toan-theo-4-muc-do-tu-de-thi-thu-thpt-quoc-gia-2021.html,Die
157,157,157,https://www.tailieugiaovien.com/p/chuyen-de-sinh-hoc-lop-6-7-8-9-10-11-12.html#huong-dan-dang-ky,Yes
158,158,158,https://www.tailieugiaovien.com/2020/12/giao-an-sinh-hoc-6-7-8-9-10-11-12-theo-chu-de-va-cv3280-.html#huong-dan-dang-ky,Yes
159,159,159,https://www.tailieugiaovien.com/p/tai-lieu-on-thi-thpt-quoc-gia-mon-sinh.html#huong-dan-dang-ky,Yes
160,160,160,https://www.tailieugiaovien.com/2022/02/de-thi-thu-thpt-quoc-gia-2022-mon-tieng-anh.html#dang-ky-de-thi-2022,Yes
161,161,161,https://www.tailieugiaovien.com/p/chuyen-de-tieng-anh-6-7-8-9-10-11-12.html#huong-dan-dang-ky,Yes
162,162,162,https://www.tailieugiaovien.com/2021/01/giao-an-tieng-anh-6-7-8-9-10-11-12-thi-diem.html#huong-dan-dang-ky,Yes
163,163,163,https://www.tailieugiaovien.com/2021/01/de-thi-thu-thpt-quoc-gia-2021-truong-chuyen-so-gd-co-loi-giai-file-word.html,Yes
164,164,164,https://www.tailieugiaovien.com/search/label/ng%E1%BB%AF%20v%C4%83n,Die
165,165,165,https://www.tailieugiaovien.com/2022/02/de-thi-thu-thpt-quoc-gia-2022-mon-ngu-van.html#dang-ky-de-thi-2022,Yes
166,166,166,https://www.tailieugiaovien.com/p/chuyen-de-ngu-van.html#huong-dan-dang-ky,Yes
167,167,167,https://www.tailieugiaovien.com/2021/02/giao-an-ngu-van-6-7-8-9-10-11-12-cv5512.html#huong-dan-dang-ky,Yes
168,168,168,https://www.tailieugiaovien.com/search/label/L%E1%BB%8Bch%20s%E1%BB%AD,Die
169,169,169,https://www.tailieugiaovien.com/2022/02/de-thi-thu-thpt-quoc-gia-2022-mon-lich-su.html#dang-ky-de-thi-2022,Yes
170,170,170,https://www.tailieugiaovien.com/2022/02/de-thi-thu-thpt-quoc-gia-2022-mon-dia-ly.html,Yes
171,171,171,https://www.tailieugiaovien.com/p/chuyen-de-lich-su-lop-6-7-8-9-10-11-12.html#huong-dan-dang-ky,Yes
172,172,172,https://www.tailieugiaovien.com/2021/08/giao-an-lich-su-cv-5512-lop-6-7-8-9-10-11-12.html#huong-dan-dang-ky,Yes
173,173,173,https://www.tailieugiaovien.com/2020/11/giao-an-lich-su-lop-6-7-8-9-10-11-12-file-word.html#huong-dan-dang-ky,Yes
174,174,174,https://www.tailieugiaovien.com/2020/11/chuyen-de-va-giao-an-hoa-hoc-lop-10-11-12-nam-2021-file-word.html,Die
175,175,175,https://www.tailieugiaovien.com/search/label/de-thi-thu-2021,Die
176,176,176,https://www.tailieugiaovien.com/search/label/%C4%90%E1%BB%8Ba%20l%C3%BD,Die
177,177,177,https://www.tailieugiaovien.com/2020/11/de-thi-thu-thpt-quoc-gia-2021-mon-dia-ly.html#dang-ky-de-thi-2021,Yes
178,178,178,https://www.tailieugiaovien.com/p/chuyen-de-dia-ly-6-7-8-9-10-11-12.html#huong-dan-dang-ky,Yes
179,179,179,https://www.tailieugiaovien.com/2021/08/giao-an-dia-ly-cv-5512-lop-6-7-8-9-10-11-12.html#huong-dan-dang-ky,Yes
180,180,180,https://www.tailieugiaovien.com/search/label/h%C3%B3a%20h%E1%BB%8Dc?updated-max=2020-12-25T03:29:00-08:00&max-results=20&start=3&by-date=false,Die
181,181,181,https://www.tailieugiaovien.com/2020/09/chuyen-de-sinh-hoc-lop-10-lop-11-lop-12-file-word.html,Die
182,182,182,http://www.tailieugiaovien.com/2019/06/dot-pha-8-ki-thi-thpt-quoc-gia-mon-sinh-hoc-file-word.html,Die
183,183,183,https://www.tailieugiaovien.com/2019/04/phuong-phap-moi-giai-nhanh-bai-tap-di-truyen-file-word.html,Die
184,184,184,https://www.tailieugiaovien.com/2019/04/chinh-phuc-cau-hoi-li-thuyet-sinh-hoc-phan-khac-nghe-word.html,Die
185,185,185,https://www.tailieugiaovien.com/2019/06/cong-pha-ly-thuyet-sinh-hoc-thpt-file-word.html,Die
186,186,186,https://www.tailieugiaovien.com/2019/06/1900-cau-hoi-trac-nghiem-sinh-hoc-THPT-file-word.html,Die
187,187,187,https://www.tailieugiaovien.com/search/label/ti%E1%BA%BFng%20anh?updated-max=2021-10-10T06:54:00-07:00&max-results=20&start=2&by-date=false,Die
188,188,188,https://www.tailieugiaovien.com/search/label/ngu-van?updated-max=2021-02-03T00:59:00-08:00&max-results=20&start=3&by-date=false,Die
189,189,189,https://www.tailieugiaovien.com/search/label/dia-ly?updated-max=2020-12-22T23:38:00-08:00&max-results=20&start=3&by-date=false,Die
190,190,190,https://www.tailieugiaovien.com/2021/10/giao-an-lich-su-6-va-giao-an-powepoint-lich-su-6-canh-dieu-chan-troi-sang-tao-ket-noi-tri-thuc-voi-cuoc-song.html,Yes
191,191,191,https://www.tailieugiaovien.com/search/label/lich-su?updated-max=2021-08-27T23:10:00-07:00&max-results=20&start=3&by-date=false,Die
192,192,192,https://www.tailieugiaovien.com/search?updated-max=2022-02-23T18:51:00-08:00&max-results=20&start=3&by-date=false,Die
193,193,193,https://www.tailieugiaovien.com/search/label/mon-toan?updated-max=2022-02-11T04:38:00-08:00&max-results=20&start=3&by-date=false,Die
194,194,194,https://www.tailieugiaovien.com/search/label/m%C3%B4n%20to%C3%A1n?updated-max=2022-02-11T04:38:00-08:00&max-results=20&start=3&by-date=false,Die
195,195,195,https://www.tailieugiaovien.com/search/label/tai-lieu-2022-2023?updated-max=2021-08-15T22:06:00-07:00&max-results=20&start=2&by-date=false,Die
196,196,196,https://www.tailieugiaovien.com/2022/02/de-thi-danh-gia-nang-luc-dai-hoc-2022.html#dang-ky-de-thi-2022,Yes
197,197,197,https://www.tailieugiaovien.com/search/label/de-thi-thu-thpt-2022?updated-max=2022-02-11T03:38:00-08:00&max-results=20&start=3&by-date=false,Die
198,198,198,https://www.tailieugiaovien.com/search/label/DGNL?updated-max=2022-02-23T18:51:00-08:00&max-results=20&start=20&by-date=false,Die
199,199,199,https://www.tailieugiaovien.com/search/label/%C4%91%C3%A1nh%20gi%C3%A1%20n%C4%83ng%20l%E1%BB%B1c?updated-max=2022-02-23T18:51:00-08:00&max-results=20&start=20&by-date=false,Die
200,200,200,https://www.tailieugiaovien.com/search/label/%C4%91%E1%BB%81%20thi%20th%E1%BB%AD%20THPT%202022?updated-max=2022-02-11T03:38:00-08:00&max-results=20&start=3&by-date=false,Die
201,201,201,https://www.tailieugiaovien.com/search?updated-max=2022-02-11T02:38:00-08:00&max-results=7&start=3&by-date=false,Die
202,202,202,https://www.tailieugiaovien.com/2021/10/giao-an-vat-ly-6-canh-dieu-chan-troi-sang-tao-ket-noi-tri-thuc-voi-cuoc-song.html,Yes
203,203,203,https://www.tailieugiaovien.com/2021/10/giao-an-hoa-hoc-6-canh-dieu-chan-troi-sang-tao-ket-noi-tri-thuc-voi-cuoc-song.html,Die
204,204,204,https://www.tailieugiaovien.com/2020/10/giao-an-hoa-hoc-soan-theo-cv-3280-bo-GD-2021-file-word.html,Yes
205,205,205,https://www.tailieugiaovien.com/2021/10/giao-an-sinh-hoc-6-canh-dieu-chan-troi-sang-tao-ket-noi-tri-thuc-voi-cuoc-song.html,Die
206,206,206,https://www.tailieugiaovien.com/2019/03/tai-mien-phi-bo-de-hoa-hoc-2019-file-word.html,Die
207,207,207,https://www.tailieugiaovien.com/search/label/de-thi-thu-thpt-quoc-gia-2019,Die
208,208,208,https://www.tailieugiaovien.com/2019/03/de-thi-thu-thpt-quoc-gia-dia-ly-2019.html,Die
209,209,209,https://www.tailieugiaovien.com/2019/03/de-thi-thu-thpt-quoc-gia-lich-su-2019.html,Die
210,210,210,https://www.tailieugiaovien.com/2019/03/de-thi-thu-thpt-quoc-gia-ngu-van-2019.html,Die
211,211,211,https://www.tailieugiaovien.com/2019/03/de-thi-thu-thpt-quoc-gia-tieng-anh-2019.html,Die
212,212,212,https://www.tailieugiaovien.com/search/label/quan%20t%C3%A2m%20nhi%E1%BB%81u%20nh%E1%BA%A5t,Die
213,213,213,https://www.tailieugiaovien.com/search/label/%C4%91%E1%BB%81%20thi%20th%E1%BB%AD%20thpt%202019?updated-max=2019-03-06T11:45:00-08:00&max-results=20&start=5&by-date=false,Die
214,214,214,https://www.tailieugiaovien.com/search/label/v%E1%BA%ADt%20l%C3%BD?updated-max=2021-09-28T01:22:00-07:00&max-results=20&start=3&by-date=false,Die
215,215,215,https://www.tailieugiaovien.com/2020/04/de-thi-thu-thpt-quoc-gia-2020-toan-chuan-cau-truc-tinh-gian-file-word.html,Die
216,216,216,https://www.tailieugiaovien.com/2020/04/de-thi-thu-thtp-tieng-anh-chuan-cau-truc-tinh-gian-2020-file-word.html,Die
217,217,217,https://www.tailieugiaovien.com/2020/04/de-thi-thu-thtp-vat-ly-chuan-cau-truc-tinh-gian-2020-file-word.html,Die
218,218,218,https://www.tailieugiaovien.com/2020/04/de-thi-thu-thtp-hoa-hoc-chuan-cau-truc-tinh-gian-2020-file-word.html,Die
219,219,219,https://www.tailieugiaovien.com/2020/04/de-thi-thu-thpt-quoc-gia-sinh-hoc-2020-tinh-gian-chuan-cau-truc-bo-GD-file-word.html,Die
220,220,220,https://www.tailieugiaovien.com/search/label/B%E1%BB%99%20%C4%91%E1%BB%81%202020?updated-max=2020-01-31T20:38:00-08:00&max-results=20&start=8&by-date=false,Die
221,221,221,https://www.tailieugiaovien.com/2018/12/de-thi-thu-thpt-quoc-gia-2018-mon-toan-file-word.html,Die
222,222,222,https://www.tailieugiaovien.com/search/label/de-thi-thu-thpt-quoc-gia-2018,Die
223,223,223,https://www.tailieugiaovien.com/2018/12/de-thi-thu-thpt-quoc-gia-2018-vat-ly-file-word.html,Die
224,224,224,https://www.tailieugiaovien.com/search/label/%C4%91%E1%BB%81%20thi%20th%E1%BB%AD%20thpt%202018?updated-max=2018-12-16T04:47:00-08:00&max-results=20&start=2&by-date=false,Die
225,225,225,https://www.tailieugiaovien.com/search/label/gi%C3%A1o%20%C3%A1n%20to%C3%A1n%20cv%203280,Die
226,226,226,https://www.tailieugiaovien.com/2020/10/giao-an-toan-giam-tai-theo-cv-3280-bo-GD-2021-file-word.html#huong-dan-dang-ky,Yes
227,227,227,https://www.tailieugiaovien.com/2020/09/giao-an-vat-ly-10-11-12-theo-chuong-trinh-giam-tai-file-word.html,Die
228,228,228,https://www.tailieugiaovien.com/2019/10/17000-bai-tap-mon-toan-theo-chuyen-de-tu-bo-de-thi-thu-2019.html,Die
229,229,229,https://www.tailieugiaovien.com/2019/06/phuong-phap-giai-nhanh-trac-nghiem-ham-so-on-thi-thpt.html,Die
230,230,230,https://www.tailieugiaovien.com/2019/04/phan-dang-32-chu-de-mon-toan-quan-trong-luyen-thi-thpt-quoc-gia.html,Die
231,231,231,https://www.tailieugiaovien.com/search/label/on-thi-thpt-toan?updated-max=2019-04-15T03:55:00-07:00&max-results=20&start=20&by-date=false,Die
232,232,232,https://www.tailieugiaovien.com/search/label/Gi%C3%A1o%20%C3%A1n%20v%E1%BA%ADt%20l%C3%BD%20cv%203280,Die
233,233,233,https://www.tailieugiaovien.com/2020/10/giao-an-vat-ly-cv-3280-giam-tai-bo-GD-2021-file-word.html#huong-dan-dang-ky,Yes
234,234,234,https://www.tailieugiaovien.com/2020/10/giao-an-chuyen-de-toan-thcs-file-word.html,Die
235,235,235,https://www.tailieugiaovien.com/search/label/vat-ly?updated-max=2021-09-28T01:22:00-07:00&max-results=20&start=3&by-date=false,Die
236,236,236,https://www.tailieugiaovien.com/2020/11/de-thi-thu-thpt-quoc-gia-2021-mon-hoa-hoc.html#dang-ky-de-thi-2021,Yes
237,237,237,https://www.tailieugiaovien.com/2019/11/tuyen-chon-5000-bai-tap-hoa-huu-co-file-word.html,Die
238,238,238,https://www.tailieugiaovien.com/2019/10/11700-bai-tap-hoa-hoc-theo-chuyen-de-tu-de-thi-thu-2019-file-word.html,Die
239,239,239,https://www.tailieugiaovien.com/2019/09/ky-thuat-lan-toa-chinh-phuc-toan-dien-ly-thuyet-hoa-hoc-nguyen-anh-phong-file-word.html,Die
240,240,240,https://www.tailieugiaovien.com/search/label/on-thi-thpt-hoa-hoc?updated-max=2019-08-12T03:40:00-07:00&max-results=20&start=4&by-date=false,Die
241,241,241,https://www.tailieugiaovien.com/2020/11/de-thi-thu-thpt-quoc-gia-2021-mon-sinh-hoc.html#dang-ky-de-thi-2021,Yes
242,242,242,https://www.tailieugiaovien.com/2021/08/giao-an-tieng-anh-cv-5512-lop-6-7-8-9-10-11-12.html#huong-dan-dang-ky,Yes
243,243,243,https://www.tailieugiaovien.com/2021/12/de-thi-thu-thpt-quoc-gia-2022-mon-toan-tg-dang-viet-hung.html,Die
244,244,244,https://www.tailieugiaovien.com/2020/08/chuyen-de-day-them-tieng-anh-chuong-trinh-thi-diem-lop-10-11-12-nam-2021-file-word.html,Die
245,245,245,https://www.tailieugiaovien.com/search/label/tieng-anh?max-results=20,Die
246,246,246,https://www.tailieugiaovien.com/search/label/tieng-anh?updated-max=2019-03-06T11:45:00-08:00&max-results=20&start=6&by-date=false,Die
247,247,247,https://www.tailieugiaovien.com/2021/10/giao-an-ca-nam-va-giao-an-powepoint-ngu-van-6-canh-dieu-chan-troi-sang-tao-ket-noi-tri-thuc-voi-cuoc-song.html#huong-dan-dang-ky,Yes
248,248,248,https://www.tailieugiaovien.com/2020/10/giao-an-ngu-van.html#huong-dan-dang-ky,Yes
249,249,249,https://www.tailieugiaovien.com/2020/11/de-thi-thu-thpt-quoc-gia-2021-mon-lich-su.html#dang-ky-de-thi-2021,Yes
250,250,250,https://www.tailieugiaovien.com/2020/11/giao-an-dia-ly-lop-6-7-8-9-10-11-12-file-word.html#huong-dan-dang-ky,Yes
251,251,251,https://www.tailieugiaovien.com/search/label/Gi%C3%A1o%20d%E1%BB%A5c%20c%C3%B4ng%20d%C3%A2n?updated-max=2019-03-08T01:41:00-08:00&max-results=20&start=5&by-date=false,Die
252,252,252,https://www.tailieugiaovien.com/2021/01/de-thi-thu-thpt-quoc-gia-2021-mon-gdcd.html#dang-ky-de-thi-2021,Yes
253,253,253,https://www.tailieugiaovien.com/2019/12/200-de-thi-hoc-ky-mon-toan-lop-10-11-12-file-word.html,Die
254,254,254,https://www.tailieugiaovien.com/2019/05/Bo-25-de-thi-thpt-quoc-gia-hoa-hoc-chuan-cau-truc-2019.html,Die
255,255,255,https://www.tailieugiaovien.com/2020/11/de-thi-thu-thpt-quoc-gia-2021-mon-toan.html#dang-ky-de-thi-2021,Yes
256,256,256,https://www.tailieugiaovien.com/2020/11/de-thi-thu-thpt-quoc-gia-2021-mon-vat-ly.html#dang-ky-de-thi-2021,Yes
257,257,257,https://www.tailieugiaovien.com/2020/11/de-thi-thu-thpt-quoc-gia-2021-mon-tieng-anh.html#dang-ky-de-thi-2021,Yes
258,258,258,https://www.tailieugiaovien.com/2020/11/de-thi-thu-thpt-quoc-gia-2021-mon-ngu-van.html#dang-ky-de-thi-2021,Yes
259,259,259,https://www.tailieugiaovien.com/2019/05/tai-mien-phi-de-thi-thu-2019-vat-ly-chuyen-dai-hoc-vinh-lan-3-file-word.html,Die
260,260,260,https://www.tailieugiaovien.com/search/label/chuyen-de-giang-day-2021-2022?updated-max=2021-08-17T23:21:00-07:00&max-results=20&start=4&by-date=false,Die
261,261,261,https://www.tailieugiaovien.com/2020/09/giao-an-toan-10-11-12-chuong-trinh-giam-tai-file-word.html,Die
262,262,262,https://www.tailieugiaovien.com/search/label/chuyen-de-giao-an-2021?updated-max=2019-06-28T01:42:00-07:00&max-results=20&start=20&by-date=false,Die
263,263,263,https://www.tailieugiaovien.com/2019/07/chuyen-de-mon-toan-lop-12-dang-viet-dong-dac-biet.html,Die
264,264,264,https://www.tailieugiaovien.com/2021/10/giao-an-toan-6-canh-dieu-chan-troi-sang-tao-ket-noi-tri-thuc-voi-cuoc-song.html#huong-dan-dang-ky,Yes
265,265,265,https://www.tailieugiaovien.com/search/label/hoa-hoc?updated-max=2021-08-15T22:06:00-07:00&max-results=20&start=3&by-date=false,Die
266,266,266,https://www.tailieugiaovien.com/search/label/sinh%20h%E1%BB%8Dc?updated-max=2021-08-30T05:11:00-07:00&max-results=20&start=3&by-date=false,Die
267,267,267,https://www.tailieugiaovien.com/search/label/sinh-hoc?updated-max=2021-08-30T05:11:00-07:00&max-results=20&start=3&by-date=false,Die
268,268,268,https://www.tailieugiaovien.com/2021/01/de-thi-thu-thpt-quoc-gia-2021-truong-chuyen-so-gd-co-loi-giai-file-word.html#huong-dan-dang-ky,Yes
269,269,269,https://www.tailieugiaovien.com/search/label/ng%E1%BB%AF%20v%C4%83n?updated-max=2020-12-22T23:28:00-08:00&max-results=20&start=3&by-date=false,Die
270,270,270,https://www.tailieugiaovien.com/search/label/L%E1%BB%8Bch%20s%E1%BB%AD?updated-max=2020-12-22T23:33:00-08:00&max-results=20&start=3&by-date=false,Die
271,271,271,https://www.tailieugiaovien.com/2022/02/de-thi-thu-thpt-quoc-gia-2022-mon-dia-ly.html#dang-ky-de-thi-2022,Yes
272,272,272,https://www.tailieugiaovien.com/search/label/de-thi-thu-2021?updated-max=2020-12-25T03:29:00-08:00&max-results=20&start=3&by-date=false,Die
273,273,273,https://www.tailieugiaovien.com/search/label/%C4%90%E1%BB%8Ba%20l%C3%BD?updated-max=2020-12-22T23:38:00-08:00&max-results=20&start=3&by-date=false,Die
274,274,274,https://www.tailieugiaovien.com/2020/08/chuyen-de-hoa-hoc-lop-10-11-12-nam-2021-file-word.html,Die
275,275,275,https://www.tailieugiaovien.com/search/label/h%C3%B3a%20h%E1%BB%8Dc?max-results=20,Die
276,276,276,https://www.tailieugiaovien.com/search/label/h%C3%B3a%20h%E1%BB%8Dc?updated-max=2019-09-16T01:57:00-07:00&max-results=20&start=9&by-date=false,Die
277,277,277,https://www.tailieugiaovien.com/search/label/ti%E1%BA%BFng%20anh?max-results=20,Die
278,278,278,https://www.tailieugiaovien.com/search/label/ti%E1%BA%BFng%20anh?updated-max=2020-01-31T18:38:00-08:00&max-results=20&start=6&by-date=false,Die
279,279,279,https://www.tailieugiaovien.com/search/label/ngu-van?max-results=20,Die
280,280,280,https://www.tailieugiaovien.com/search/label/ngu-van?updated-max=2019-03-07T02:30:00-08:00&max-results=20&start=6&by-date=false,Die
281,281,281,https://www.tailieugiaovien.com/2019/02/de-thi-thu-thpt-dia-ly-2019-chuyen-bac-ninh.html,Die
282,282,282,https://www.tailieugiaovien.com/search/label/mien-phi,Die
283,283,283,https://www.tailieugiaovien.com/search/label/Mi%E1%BB%85n%20ph%C3%AD,Die
284,284,284,https://www.tailieugiaovien.com/search/label/dia-ly?max-results=20,Die
285,285,285,https://www.tailieugiaovien.com/search/label/dia-ly?updated-max=2019-02-24T01:29:00-08:00&max-results=20&start=23&by-date=false,Die
286,286,286,https://www.tailieugiaovien.com/2021/10/giao-an-lich-su-6-va-giao-an-powepoint-lich-su-6-canh-dieu-chan-troi-sang-tao-ket-noi-tri-thuc-voi-cuoc-song.html#huong-dan-dang-ky,Yes
287,287,287,https://www.tailieugiaovien.com/2019/02/de-thi-thu-thpt-Lich-su-2019-chuyen-bac-ninh.html,Die
288,288,288,https://www.tailieugiaovien.com/search/label/lich-su?max-results=20,Die
289,289,289,https://www.tailieugiaovien.com/search/label/lich-su?updated-max=2019-02-24T00:25:00-08:00&max-results=20&start=7&by-date=false,Die
290,290,290,https://www.tailieugiaovien.com/search?updated-max=2022-02-11T02:38:00-08:00&max-results=20&start=6&by-date=false,Die
291,291,291,https://www.tailieugiaovien.com/search/label/mon-toan?max-results=20,Die
292,292,292,https://www.tailieugiaovien.com/search/label/mon-toan?updated-max=2021-08-23T22:15:00-07:00&max-results=20&start=7&by-date=false,Die
293,293,293,https://www.tailieugiaovien.com/search/label/m%C3%B4n%20to%C3%A1n?max-results=20,Die
294,294,294,https://www.tailieugiaovien.com/search/label/m%C3%B4n%20to%C3%A1n?updated-max=2021-08-23T22:15:00-07:00&max-results=20&start=7&by-date=false,Die
295,295,295,https://www.tailieugiaovien.com/search/label/tai-lieu-2022-2023?max-results=20,Die
296,296,296,https://www.tailieugiaovien.com/search/label/tai-lieu-2022-2023?updated-max=2021-08-09T00:35:00-07:00&max-results=20&start=22&by-date=false,Die
297,297,297,https://www.tailieugiaovien.com/search/label/de-thi-thu-thpt-2022?max-results=20,Die
298,298,298,https://www.tailieugiaovien.com/search/label/de-thi-thu-thpt-2022?updated-max=2022-02-11T00:38:00-08:00&max-results=20&start=6&by-date=false,Die
299,299,299,https://www.tailieugiaovien.com/search/label/%C4%91%E1%BB%81%20thi%20th%E1%BB%AD%20THPT%202022?max-results=20,Die
300,300,300,https://www.tailieugiaovien.com/search/label/%C4%91%E1%BB%81%20thi%20th%E1%BB%AD%20THPT%202022?updated-max=2022-02-11T00:38:00-08:00&max-results=20&start=6&by-date=false,Die
301,301,301,https://www.tailieugiaovien.com/search?updated-max=2022-02-10T23:38:00-08:00&max-results=7&start=6&by-date=false,Die
302,302,302,https://www.tailieugiaovien.com/2021/10/giao-an-vat-ly-6-canh-dieu-chan-troi-sang-tao-ket-noi-tri-thuc-voi-cuoc-song.html#huong-dan-dang-ky,Yes
303,303,303,https://www.tailieugiaovien.com/2020/10/giao-an-hoa-hoc-soan-theo-cv-3280-bo-GD-2021-file-word.html#huong-dan-dang-ky,Yes
304,304,304,https://www.tailieugiaovien.com/2020/10/giao-an-chuyen-de-vat-ly-thcs-file-word.html,Die
305,305,305,https://www.tailieugiaovien.com/2019/03/tai-mien-phi-bo-de-toan-2019-file-word.html,Die
306,306,306,https://www.tailieugiaovien.com/2019/03/tai-mien-phi-bo-de-tieng-anh-2019-file-word.html,Die
307,307,307,https://www.tailieugiaovien.com/2019/03/de-thi-thu-thpt-2019-vat-ly-truong-chuyen-dai-hoc-Vinh.html,Die
308,308,308,https://www.tailieugiaovien.com/search/label/de-thi-thu-thpt-quoc-gia-2019?updated-max=2019-03-12T02:47:00-07:00&max-results=20&start=3&by-date=false,Die
309,309,309,https://www.tailieugiaovien.com/2019/03/bo-de-thi-thu-thpt-quoc-gia-sinh-hoc-2019.html,Die
310,310,310,https://www.tailieugiaovien.com/search/label/quan%20t%C3%A2m%20nhi%E1%BB%81u%20nh%E1%BA%A5t?updated-max=2019-04-24T01:47:00-07:00&max-results=20&start=5&by-date=false,Die
311,311,311,https://www.tailieugiaovien.com/2019/03/bo-de-thi-thu-thpt-quoc-gia-2019-hoa-ho.html,Die
312,312,312,https://www.tailieugiaovien.com/2019/02/bo-de-thi-thu-thpt-quoc-gia-2019-mon-toan.html,Die
313,313,313,https://www.tailieugiaovien.com/search/label/%C4%91%E1%BB%81%20thi%20th%E1%BB%AD%20thpt%202019?max-results=20,Die
314,314,314,https://www.tailieugiaovien.com/search/label/%C4%91%E1%BB%81%20thi%20th%E1%BB%AD%20thpt%202019?updated-max=2019-02-28T23:01:00-08:00&max-results=20&start=8&by-date=false,Die
315,315,315,https://www.tailieugiaovien.com/search/label/v%E1%BA%ADt%20l%C3%BD?max-results=20,Die
316,316,316,https://www.tailieugiaovien.com/search/label/v%E1%BA%ADt%20l%C3%BD?updated-max=2020-09-20T21:14:00-07:00&max-results=20&start=6&by-date=false,Die
317,317,317,https://www.tailieugiaovien.com/2020/08/chuyen-de-mon-toan-day-du-lop-10-11-12-nam-2021-file-word.html,Die
318,318,318,https://www.tailieugiaovien.com/search/label/B%E1%BB%99%20%C4%91%E1%BB%81%202020?max-results=20,Die
319,319,319,https://www.tailieugiaovien.com/search/label/B%E1%BB%99%20%C4%91%E1%BB%81%202020?updated-max=2020-01-30T09:44:00-08:00&max-results=20&start=13&by-date=false,Die
320,320,320,https://www.tailieugiaovien.commailto:tailieugiaovien.com@gmail.com,Die
321,321,321,https://www.tailieugiaovien.com/2018/12/bo-de-thi-thu-thpt-quoc-gia-2019-vat-ly-dang-viet-hung.html,Die
322,322,322,https://www.tailieugiaovien.com/search/label/de-thi-thu-thpt-quoc-gia-2018?updated-max=2018-12-16T04:47:00-08:00&max-results=20&start=2&by-date=false,Die
323,323,323,https://www.tailieugiaovien.com/2018/12/de-thi-thu-thpt-quoc-gia-2018-tieng-anh-file-word.html,Die
324,324,324,https://www.tailieugiaovien.com/2018/12/de-thi-thu-thpt-quoc-gia-2018-sinh-hoc-file-word.html,Die
325,325,325,https://www.tailieugiaovien.com/search/label/%C4%91%E1%BB%81%20thi%20th%E1%BB%AD%20thpt%202018?max-results=20,Die
326,326,326,https://www.tailieugiaovien.com/search/label/%C4%91%E1%BB%81%20thi%20th%E1%BB%AD%20thpt%202018?updated-max=2018-12-15T02:09:00-08:00&max-results=20&start=4&by-date=false,Die
327,327,327,https://www.tailieugiaovien.com/search/label/gi%C3%A1o%20%C3%A1n%20to%C3%A1n%20cv%203280?updated-max=2020-10-11T00:21:00-07:00&max-results=20&start=20&by-date=false,Die
328,328,328,https://www.tailieugiaovien.com/2019/09/15451-bai-tap-vat-ly-chon-loc-tu-de-thi-thu-2019-file-word.html,Die
329,329,329,https://www.tailieugiaovien.com/2019/05/Phuong-phap-giai-nhanh-bai-tap-vat-ly-4-cap-do-file-word.html,Die
330,330,330,https://www.tailieugiaovien.com/search/label/Gi%C3%A1o%20%C3%A1n%20v%E1%BA%ADt%20l%C3%BD%20cv%203280?updated-max=2020-10-14T22:07:00-07:00&max-results=20&start=20&by-date=false,Die
331,331,331,https://www.tailieugiaovien.com/search/label/vat-ly?max-results=20,Die
332,332,332,https://www.tailieugiaovien.com/search/label/vat-ly?updated-max=2020-09-20T21:14:00-07:00&max-results=20&start=6&by-date=false,Die
333,333,333,https://www.tailieugiaovien.com/2019/12/1600-bai-tap-van-dung-cao-vat-ly-tu-bo-de-2019-file-word.html,Die
334,334,334,https://www.tailieugiaovien.com/2019/11/Phuong-phap-bai-tap-sinh-hoc-4-cap-do-file-word.html,Die
335,335,335,https://www.tailieugiaovien.com/2019/11/chuyen-de-toan-van-dung-cao-lop-12-dang-viet-dong.html,Die
336,336,336,https://www.tailieugiaovien.com/2019/09/14000-bai-tap-sinh-hoc-theo-chuyen-de-tach-tu-bo-de-2019-file-word.html,Die
337,337,337,https://www.tailieugiaovien.com/2020/08/chuyen-de-mon-vat-ly-lop-10-11-12-nam-2021-file-word.html,Die
338,338,338,https://www.tailieugiaovien.com/2019/02/sach-tham-khao-file-word-mon-tieng-anh.html,Die
339,339,339,https://www.tailieugiaovien.com/2018/12/sach-cong-pha-tieng-anh-1-file-word.html,Die
340,340,340,https://www.tailieugiaovien.com/search/label/tieng-anh?updated-max=2018-12-15T09:11:00-08:00&max-results=20&start=9&by-date=false,Die
341,341,341,https://www.tailieugiaovien.com/2019/12/bo-de-thi-thu-thpt-quoc-gia-mon-vat-ly-2020-dang-viet-hung.html,Die
342,342,342,https://www.tailieugiaovien.com/2019/03/de-thi-thu-thpt-2019-hoa-hoc-truong-chuyen-dai-hoc-Vinh.html,Die
343,343,343,https://www.tailieugiaovien.com/search/label/chuyen-de-giang-day-2021-2022?max-results=20,Die
344,344,344,https://www.tailieugiaovien.com/search/label/chuyen-de-giang-day-2021-2022?updated-max=2020-08-18T01:29:00-07:00&max-results=20&start=7&by-date=false,Die
345,345,345,https://www.tailieugiaovien.com/search/label/hoa-hoc?max-results=20,Die
346,346,346,https://www.tailieugiaovien.com/search/label/hoa-hoc?updated-max=2019-11-23T23:35:00-08:00&max-results=20&start=7&by-date=false,Die
347,347,347,https://www.tailieugiaovien.com/search/label/sinh%20h%E1%BB%8Dc?max-results=20,Die
348,348,348,https://www.tailieugiaovien.com/search/label/sinh%20h%E1%BB%8Dc?updated-max=2020-12-04T03:15:00-08:00&max-results=20&start=5&by-date=false,Die
349,349,349,https://www.tailieugiaovien.com/search/label/sinh-hoc?max-results=20,Die
350,350,350,https://www.tailieugiaovien.com/search/label/sinh-hoc?updated-max=2020-12-04T03:15:00-08:00&max-results=20&start=5&by-date=false,Die
351,351,351,https://www.tailieugiaovien.com/search/label/ng%E1%BB%AF%20v%C4%83n?max-results=20,Die
352,352,352,https://www.tailieugiaovien.com/search/label/ng%E1%BB%AF%20v%C4%83n?updated-max=2019-03-07T02:30:00-08:00&max-results=20&start=7&by-date=false,Die
353,353,353,https://www.tailieugiaovien.com/search/label/L%E1%BB%8Bch%20s%E1%BB%AD?max-results=20,Die
354,354,354,https://www.tailieugiaovien.com/search/label/L%E1%BB%8Bch%20s%E1%BB%AD?updated-max=2019-03-07T11:00:00-08:00&max-results=20&start=7&by-date=false,Die
355,355,355,https://www.tailieugiaovien.com/search/label/de-thi-thu-2021?max-results=20,Die
356,356,356,https://www.tailieugiaovien.com/search/label/de-thi-thu-2021?updated-max=2020-12-24T00:38:00-08:00&max-results=20&start=5&by-date=false,Die
357,357,357,https://www.tailieugiaovien.com/search/label/%C4%90%E1%BB%8Ba%20l%C3%BD?max-results=20,Die
358,358,358,https://www.tailieugiaovien.com/search/label/%C4%90%E1%BB%8Ba%20l%C3%BD?updated-max=2019-03-07T11:16:00-08:00&max-results=20&start=7&by-date=false,Die
359,359,359,https://www.tailieugiaovien.com/2018/10/de-thi-thu-thpt-quoc-gia-2018-hoa-hoc-file-word.html,Die
360,360,360,https://www.tailieugiaovien.com/search/label/h%C3%B3a%20h%E1%BB%8Dc?updated-max=2018-12-14T09:57:00-08:00&max-results=20&start=12&by-date=false,Die
361,361,361,https://www.tailieugiaovien.com/search/label/ti%E1%BA%BFng%20anh?updated-max=2019-02-11T06:36:00-08:00&max-results=20&start=9&by-date=false,Die
362,362,362,https://www.tailieugiaovien.com/2019/02/de-thi-thu-thpt-van-hoc-2019-chuyen-dai-hoc-su-pham-ha-noi.html,Die
363,363,363,https://www.tailieugiaovien.com/search/label/ngu-van?updated-max=2019-02-23T23:07:00-08:00&max-results=20&start=26&by-date=false,Die
364,364,364,https://www.tailieugiaovien.com/2019/02/bo-de-thi-thu-thpt-quoc-gia-2019-mon-vat-ly-file-word.html,Die
365,365,365,https://www.tailieugiaovien.com/search/label/mien-phi?updated-max=2019-03-12T02:47:00-07:00&max-results=20&start=3&by-date=false,Die
366,366,366,https://www.tailieugiaovien.com/search/label/Mi%E1%BB%85n%20ph%C3%AD?updated-max=2019-03-15T12:34:00-07:00&max-results=20&start=3&by-date=false,Die
367,367,367,https://www.tailieugiaovien.com/search?updated-max=2022-02-10T23:38:00-08:00&max-results=20&start=9&by-date=false,Die
368,368,368,https://www.tailieugiaovien.com/search/label/mon-toan?updated-max=2020-12-27T05:38:00-08:00&max-results=20&start=9&by-date=false,Die
369,369,369,https://www.tailieugiaovien.com/search/label/m%C3%B4n%20to%C3%A1n?updated-max=2020-12-27T05:38:00-08:00&max-results=20&start=9&by-date=false,Die
370,370,370,https://www.tailieugiaovien.com/search/label/de-thi-thu-thpt-2022?updated-max=2022-02-10T22:02:00-08:00&max-results=20&start=9&by-date=false,Die
371,371,371,https://www.tailieugiaovien.com/search/label/%C4%91%E1%BB%81%20thi%20th%E1%BB%AD%20THPT%202022?updated-max=2022-02-10T22:02:00-08:00&max-results=20&start=9&by-date=false,Die
372,372,372,https://www.tailieugiaovien.com/search?updated-max=2022-02-23T18:51:00-08:00&max-results=7&reverse-paginate=true,Die
373,373,373,https://www.tailieugiaovien.com/search?updated-max=2021-10-10T06:54:00-07:00&max-results=7&start=10&by-date=false,Die
374,374,374,https://www.tailieugiaovien.com/search/label/de-thi-thu-thpt-quoc-gia-2019?max-results=20,Die
375,375,375,https://www.tailieugiaovien.com/search/label/de-thi-thu-thpt-quoc-gia-2019?updated-max=2019-03-04T20:07:00-08:00&max-results=20&start=8&by-date=false,Die
376,376,376,https://www.tailieugiaovien.com/search/label/quan%20t%C3%A2m%20nhi%E1%BB%81u%20nh%E1%BA%A5t?max-results=20,Die
377,377,377,https://www.tailieugiaovien.com/search/label/quan%20t%C3%A2m%20nhi%E1%BB%81u%20nh%E1%BA%A5t?updated-max=2019-03-05T10:40:00-08:00&max-results=20&start=8&by-date=false,Die
378,378,378,https://www.tailieugiaovien.com/2019/02/bo-de-thi-thu-thpt-quoc-gia-2019-vat-ly.html,Die
379,379,379,https://www.tailieugiaovien.com/search/label/%C4%91%E1%BB%81%20thi%20th%E1%BB%AD%20thpt%202019?updated-max=2019-02-24T00:25:00-08:00&max-results=20&start=12&by-date=false,Die
380,380,380,https://www.tailieugiaovien.com/search/label/v%E1%BA%ADt%20l%C3%BD?updated-max=2019-09-27T23:44:00-07:00&max-results=20&start=12&by-date=false,Die
381,381,381,https://www.tailieugiaovien.com/2018/12/sach-cong-pha-toan-1-file-word.html,Die
382,382,382,https://www.tailieugiaovien.com/search/label/de-thi-thu-thpt-quoc-gia-2018?max-results=20,Die
383,383,383,https://www.tailieugiaovien.com/search/label/de-thi-thu-thpt-quoc-gia-2018?updated-max=2018-12-15T02:09:00-08:00&max-results=20&start=4&by-date=false,Die
384,384,384,https://www.tailieugiaovien.com/search/label/%C4%91%E1%BB%81%20thi%20th%E1%BB%AD%20thpt%202018?updated-max=2018-12-14T09:57:00-08:00&max-results=20&start=24&by-date=false,Die
385,385,385,https://www.tailieugiaovien.com/search/label/vat-ly?updated-max=2019-08-05T04:49:00-07:00&max-results=20&start=12&by-date=false,Die
386,386,386,https://www.tailieugiaovien.com/2019/12/bo-de-thi-thu-thpt-quoc-gia-2020-mon-toan-dang-viet-hung.html,Die
387,387,387,https://www.tailieugiaovien.com/2019/02/bo-de-thi-thu-thpt-quoc-gia-2019-cac-truong.html,Die
388,388,388,https://www.tailieugiaovien.com/2018/12/bo-de-thi-thu-thpt-quoc-gia-2019-toan-dang-viet-hung.html,Die
389,389,389,https://www.tailieugiaovien.com/search/label/hoa-hoc?updated-max=2019-03-04T20:07:00-08:00&max-results=20&start=11&by-date=false,Die
390,390,390,https://www.tailieugiaovien.com/search/label/sinh%20h%E1%BB%8Dc?updated-max=2019-06-24T07:56:00-07:00&max-results=20&start=12&by-date=false,Die
391,391,391,https://www.tailieugiaovien.com/search/label/sinh-hoc?updated-max=2019-06-24T07:56:00-07:00&max-results=20&start=12&by-date=false,Die
392,392,392,https://www.tailieugiaovien.com/search/label/ng%E1%BB%AF%20v%C4%83n?updated-max=2019-02-23T23:07:00-08:00&max-results=20&start=27&by-date=false,Die
393,393,393,https://www.tailieugiaovien.com/search/label/L%E1%BB%8Bch%20s%E1%BB%AD?updated-max=2019-02-24T00:25:00-08:00&max-results=20&start=27&by-date=false,Die
394,394,394,https://www.tailieugiaovien.com/search/label/de-thi-thu-2021?updated-max=2020-12-22T23:28:00-08:00&max-results=20&start=8&by-date=false,Die
395,395,395,https://www.tailieugiaovien.com/search/label/%C4%90%E1%BB%8Ba%20l%C3%BD?updated-max=2019-02-24T01:29:00-08:00&max-results=20&start=27&by-date=false,Die
396,396,396,https://www.tailieugiaovien.com/2018/10/sach-cong-pha-toan-3-file-word-cho-giao-vien.html,Die
397,397,397,https://www.tailieugiaovien.com/search/label/ti%E1%BA%BFng%20anh?updated-max=2018-12-15T09:11:00-08:00&max-results=20&start=29&by-date=false,Die
398,398,398,https://www.tailieugiaovien.com/2019/02/de-thi-thu-thpt-sinh-hoc-2019-chuyen-dai-hoc-su-pham-ha-noi.html,Die
399,399,399,https://www.tailieugiaovien.com/search/label/mien-phi?max-results=20,Die
400,400,400,https://www.tailieugiaovien.com/search/label/mien-phi?updated-max=2019-02-24T00:25:00-08:00&max-results=20&start=6&by-date=false,Die
401,401,401,https://www.tailieugiaovien.com/search/label/Mi%E1%BB%85n%20ph%C3%AD?max-results=20,Die
402,402,402,https://www.tailieugiaovien.com/search/label/Mi%E1%BB%85n%20ph%C3%AD?updated-max=2019-03-08T23:33:00-08:00&max-results=20&start=5&by-date=false,Die
403,403,403,https://www.tailieugiaovien.com/search?updated-max=2021-10-10T06:54:00-07:00&max-results=20&start=13&by-date=false,Die
404,404,404,https://www.tailieugiaovien.com/search/label/mon-toan?updated-max=2019-11-18T01:10:00-08:00&max-results=20&start=15&by-date=false,Die
405,405,405,https://www.tailieugiaovien.com/search/label/m%C3%B4n%20to%C3%A1n?updated-max=2019-12-07T19:44:00-08:00&max-results=20&start=15&by-date=false,Die
406,406,406,https://www.tailieugiaovien.com/search/label/de-thi-thu-thpt-2022?updated-max=2022-02-10T19:38:00-08:00&max-results=20&start=29&by-date=false,Die
407,407,407,https://www.tailieugiaovien.com/search/label/%C4%91%E1%BB%81%20thi%20th%E1%BB%AD%20THPT%202022?updated-max=2022-02-10T19:38:00-08:00&max-results=20&start=29&by-date=false,Die
408,408,408,https://www.tailieugiaovien.com/search?updated-max=2022-02-10T23:38:00-08:00&max-results=7&reverse-paginate=true&start=3&by-date=false,Die
409,409,409,https://www.tailieugiaovien.com/search?updated-max=2022-02-11T01:38:00-08:00&max-results=7&reverse-paginate=true,Die
410,410,410,https://www.tailieugiaovien.com/search?updated-max=2021-10-07T20:52:00-07:00&max-results=7&start=13&by-date=false,Die
411,411,411,https://www.tailieugiaovien.com/search/label/de-thi-thu-thpt-quoc-gia-2019?updated-max=2019-02-24T00:25:00-08:00&max-results=20&start=12&by-date=false,Die
412,412,412,https://www.tailieugiaovien.com/search/label/quan%20t%C3%A2m%20nhi%E1%BB%81u%20nh%E1%BA%A5t?updated-max=2019-02-28T01:23:00-08:00&max-results=20&start=11&by-date=false,Die
413,413,413,https://www.tailieugiaovien.com/2019/02/de-thi-thu-thpt-2019-vat-ly-truong-chuyen-phan-boi-chau-nghe-an.html,Die
414,414,414,https://www.tailieugiaovien.com/2019/02/de-thi-thu-vat-ly-truong-chuyen-dai-hoc-su-pham-ha-noi-2019.html,Die
415,415,415,https://www.tailieugiaovien.com/2019/02/de-thi-thu-truong-chuyen-dai-hoc-su-pham-ha-noi-mon-toan-2019.html,Die
416,416,416,https://www.tailieugiaovien.com/2019/02/bo-de-thi-thu-thpt-quoc-gia-2019-mon-toan-file-word.html,Die
417,417,417,https://www.tailieugiaovien.com/search/label/%C4%91%E1%BB%81%20thi%20th%E1%BB%AD%20thpt%202019?updated-max=2019-02-17T07:19:00-08:00&max-results=20&start=18&by-date=false,Die
418,418,418,https://www.tailieugiaovien.com/search/label/v%E1%BA%ADt%20l%C3%BD?updated-max=2019-02-28T01:23:00-08:00&max-results=20&start=17&by-date=false,Die
419,419,419,https://www.tailieugiaovien.com/search/label/de-thi-thu-thpt-quoc-gia-2018?updated-max=2018-12-14T09:57:00-08:00&max-results=20&start=24&by-date=false,Die
420,420,420,https://www.tailieugiaovien.com/search/label/vat-ly?updated-max=2018-12-16T08:30:00-08:00&max-results=20&start=16&by-date=false,Die
421,421,421,https://www.tailieugiaovien.com/search/label/hoa-hoc?updated-max=2018-12-14T09:57:00-08:00&max-results=20&start=31&by-date=false,Die
422,422,422,https://www.tailieugiaovien.com/search/label/sinh%20h%E1%BB%8Dc?updated-max=2018-12-15T02:09:00-08:00&max-results=20&start=32&by-date=false,Die
423,423,423,https://www.tailieugiaovien.com/search/label/sinh-hoc?updated-max=2018-12-15T02:09:00-08:00&max-results=20&start=14&by-date=false,Die
424,424,424,https://www.tailieugiaovien.com/2019/02/de-thi-thu-thpt-2019-tieng-anh-chuyen-dai-hoc-su-pham-ha-noi-tieng-anh.html,Die
425,425,425,https://www.tailieugiaovien.com/search/label/mien-phi?updated-max=2019-02-22T08:31:00-08:00&max-results=20&start=11&by-date=false,Die
426,426,426,https://www.tailieugiaovien.com/search/label/Mi%E1%BB%85n%20ph%C3%AD?updated-max=2019-02-23T00:09:00-08:00&max-results=20&start=10&by-date=false,Die
427,427,427,https://www.tailieugiaovien.com/search?updated-max=2021-10-07T20:52:00-07:00&max-results=20&start=16&by-date=false,Die
428,428,428,https://www.tailieugiaovien.com/search/label/mon-toan?updated-max=2019-04-15T03:55:00-07:00&max-results=20&start=21&by-date=false,Die
429,429,429,https://www.tailieugiaovien.com/search/label/m%C3%B4n%20to%C3%A1n?updated-max=2019-06-28T01:42:00-07:00&max-results=20&start=21&by-date=false,Die
430,430,430,https://www.tailieugiaovien.com/search?updated-max=2021-10-07T20:52:00-07:00&max-results=7&reverse-paginate=true&start=6&by-date=false,Die
431,431,431,https://www.tailieugiaovien.com/search?updated-max=2022-02-11T04:38:00-08:00&max-results=7&reverse-paginate=true,Die
432,432,432,https://www.tailieugiaovien.com/search?updated-max=2021-10-10T06:54:00-07:00&max-results=7&reverse-paginate=true&start=3&by-date=false,Die
433,433,433,https://www.tailieugiaovien.com/search?updated-max=2022-02-10T23:38:00-08:00&max-results=7&reverse-paginate=true,Die
434,434,434,https://www.tailieugiaovien.com/search?updated-max=2021-09-28T01:22:00-07:00&max-results=7&start=17&by-date=false,Die
435,435,435,https://www.tailieugiaovien.com/search/label/de-thi-thu-thpt-quoc-gia-2019?updated-max=2018-12-16T08:30:00-08:00&max-results=20&start=18&by-date=false,Die
436,436,436,https://www.tailieugiaovien.com/search/label/quan%20t%C3%A2m%20nhi%E1%BB%81u%20nh%E1%BA%A5t?updated-max=2019-02-23T03:19:00-08:00&max-results=20&start=16&by-date=false,Die
437,437,437,https://www.tailieugiaovien.com/search/label/%C4%91%E1%BB%81%20thi%20th%E1%BB%AD%20thpt%202019?updated-max=2018-12-16T08:30:00-08:00&max-results=20&start=38&by-date=false,Die
438,438,438,https://www.tailieugiaovien.com/search/label/v%E1%BA%ADt%20l%C3%BD?updated-max=2018-12-16T04:47:00-08:00&max-results=20&start=37&by-date=false,Die
